id,Species,chao,chao.se,jack1,jack1.se,jack2,boot,boot.se,n
HOCR-001,47,60.54838709677419,9.602939196260484,60.54838709677419,5.347449234865058,67.31505376344086,53.20539444877402,2.7747936111191422,31
HOCR-002,43,57.63709677419355,12.087405646380272,53.64516129032258,3.7646695382955246,60.318279569892475,47.775109590138484,2.051835595450848,31
HOCR-003,35,37.016129032258064,2.4383217106201234,39.83870967741935,2.572568004822824,39.090322580645164,37.84268982866283,1.5632905473695367,31
HOCR-004,43,50.318548387096776,5.7870954888268615,53.64516129032258,4.247788186162974,56.701075268817206,48.18428848091919,2.4115603787788187,31
HOCR-005,45,49.899193548387096,4.308950519768801,53.70967741935484,3.2193483741611995,54.894623655913975,49.52053096959914,1.958046597013496,31
HOCR-006,51,54.87096774193549,3.6381605625475317,58.74193548387097,3.3709291555130663,58.99139784946236,55.17023477509211,2.0293871957848064,31
HOCR-007,47,49.96370967741935,3.0134435954468515,53.774193548387096,2.560404494578636,53.08817204301075,50.78107328837148,1.833267860760791,31
HOCR-008,46,51.16129032258065,4.787543091387313,53.74193548387097,3.0704526540105275,55.8,49.82469049176587,1.8131222236746258,31
HOCR-009,44,51.74193548387097,7.259139705308493,51.74193548387097,3.3709291555130663,55.608602150537635,47.70018131903479,1.9171453387009605,31
HOCR-010,39,43.74193548387097,4.699812912786264,45.774193548387096,2.9139586556480555,47.8010752688172,42.391458289492185,1.930301187799249,31
HOCR-011,48,56.064516129032256,6.702125609568784,57.67741935483871,3.6381605625475313,61.60645161290323,52.59521018135342,1.9811526037213305,31
HOCR-012,42,49.903225806451616,8.02592919036252,48.774193548387096,2.9139586556480555,52.60967741935484,45.141356642065134,1.4931659056602884,31
TOKA-001,27,37.083333333333336,8.20915816498731,36.166666666666664,5.565269285687999,40.833333333333336,31.193565672153635,2.895524891109655,6
TOKA-002,21,25.6875,4.0277964858282,28.5,4.541475531146237,30.833333333333332,24.66796875,2.8619113366810365,4
TOKA-003,42,49.291666666666664,6.117223899837307,50.75,3.5925269657999785,54.392857142857146,46.29462957382202,2.577845253769319,8
TOKA-004,13,21.333333333333336,7.698003589195011,18,5.1478150704935,18,15.5,2.8722813232690143,2
TOKA-005,26,31.0625,4.484907727192231,33.875,3.4843399661915884,36.125,29.859759151935577,2.1585954429405936,8
TOKA-006,22,26.642105263157895,4.611477911890715,28.63157894736842,2.859595306780237,30.66959064327485,25.24713890391371,1.8178913830901124,19
TOKA-007,34,37.69230769230769,3.494712828184784,41.38461538461539,2.9432502261090754,41.94871794871795,38.01351731489116,2.2603581599761466,13
TOKA-008,27,34.202380952380956,5.785877002834913,36.166666666666664,4.199867722784718,39.766666666666666,31.362311385459535,2.3147291110995236,6
TOKA-009,29,59,27.92848008753788,39,5.163977794943222,45.93333333333333,33.299104080932786,2.443957769974106,6
TOKA-010,24,33,7.035623639735144,33,5.408326913195984,37,28.1875,2.8702406258012587,4
TOKA-011,27,33.94444444444444,5.854239433228178,35.333333333333336,4.314059701848262,38.8,30.946480624142662,2.324624409712137,6
TOKA-012,22,29.59375,6.902095045392015,28.75,3.944933459514875,31.916666666666668,25.12109375,2.047527180212985,4
TOKA-013,37,50.203125,9.792577390049269,49.1875,4.129259164789732,55.6625,42.465566814116116,2.339900331643367,16
TOKA-014,28,44.8,12.405160216619533,40,5.398412465054624,47.023809523809526,33.30096303410994,2.7221161006399903,7
TOKA-015,25,34.34615384615385,8.366975975957414,33.30769230769231,3.0846057931943727,37.82051282051282,28.715779299095857,1.8411880366615914,13
TOKA-016,20,23.5,3.340097303971847,27,3.3726843908080104,27.857142857142858,23.557978212833405,1.9694772291308307,8
TOKA-017,27,41.583333333333336,13.059248886573894,35.75,4.461642074393687,41.32142857142857,30.861859560012817,2.3607356469101757,8
TOKA-018,31,41.03921568627451,9.696773966078855,38.529411764705884,3.568411973671318,43.10661764705882,34.40661558950202,1.8427230143482394,17
TOKA-019,18,33.125,13.212407363282942,26.25,5.494315243958978,30.75,21.67578125,2.7529031861197804,4
TOKA-020,24,32.40277777777778,6.770946105423631,33.166666666666664,5.257270098529168,37.3,28.26024519890261,2.9362587956295303,6
TOKA-021,15,17.734375,3.2534630738116963,19.375,2.361805453461398,20.553571428571427,17.169766008853912,1.34299210940992,8
TOKA-022,23,30.529411764705884,7.0744924133519564,30.529411764705884,3.2941176470588234,34.279411764705884,26.536031443975272,2.0282912929624803,17
TOKA-023,20,29.77777777777778,9.457724867576866,27.333333333333332,3.4960294939005054,31.727272727272727,23.235861504465817,1.6918243337149466,12
TOKA-024,24,24.790123456790123,1.2181069958847734,27.555555555555557,2.2222222222222223,24.541666666666668,26.40903200914601,1.7380613799288334,9
TOKA-025,16,17.02857142857143,1.4958835644808606,19.6,2.244994432064365,17.822222222222223,18.2311804696,1.694183996582284,10
TOKA-026,17,19.25,2.5433737436719754,21.5,3.0618621784789726,22.5,19.2890625,2.194283566700929,4
TOKA-027,33,48.75,12.667009315540902,43.5,5.651327277728657,49.92857142857143,37.70394468307495,3.1548216012140515,8
TOKA-028,29,39.208333333333336,7.28072095121386,40.666666666666664,6.433419688539594,45.733333333333334,34.441915294924556,3.434338365379013,6
TOKA-029,29,51.39999999999999,18.891973604329078,40.2,4.448220618029941,48.18571428571429,33.67523453769174,2.2898703754233045,15
TOKA-030,32,41.59210526315789,8.572449205904437,40.526315789473685,4.409760013821772,45.19883040935673,35.87463233385898,2.297349537501638,19
TOKA-031,18,18.261904761904763,0.6394467360772774,19.833333333333332,1.296362432175337,16.196969696969695,19.56791188295478,1.2275608710571408,12
TOKA-032,24,29.207142857142856,4.596894153671402,32.1,3.3,34.32222222222222,27.9653368053,2.011912329708525,10
TOKA-033,18,30.675,9.70765805949097,27.75,6.5812232905440915,32.583333333333336,22.42578125,3.4711927456061034,4
TOKA-034,35,48.6125,11.283590477436693,44.9,5.01098792654702,50.85555555555556,39.5668718152,2.890953450876,10
TOKA-035,27,45.75,13.52081728298996,39.5,8.684276980075351,46.833333333333336,32.52634173525377,4.601436437970433,6
TOKA-036,35,48.75,11.391471590624278,45,6.179143806533246,51.054545454545455,39.53000182984162,3.2811545383438467,11
TOKA-037,24,29.0625,4.552428953317119,30.75,4.479118216792229,33.25,27.25,2.462214450449026,4
TOKA-038,17,20.375,3.717042675299814,21.5,2.806243040080456,23.166666666666668,19.15625,1.6271020058681016,4
TOKA-039,25,37.322916666666664,9.18457156812697,36.375,6.438410129837956,42.267857142857146,30.11886316537857,3.8535324607333963,8
TOKA-040,21,25.339285714285715,3.9240059278581487,27.75,4.130677910464576,29.916666666666668,24.296875,2.371244975614076,4
TOKA-041,25,33.470588235294116,9.601038006166196,30.647058823529413,2.6827657061156187,34.28676470588235,27.58171028117388,1.4527100913741833,17
TOKA-042,39,45.913636363636364,5.095697460315159,50.7,4.809365862564419,53.27777777777778,44.8581531925,2.7775245515930274,10
TOKA-043,33,39.302083333333336,5.0703934197874245,42.166666666666664,4.199867722784718,45.233333333333334,37.45698302469136,2.561250970857806,6
TOKA-044,26,41.42857142857143,12.421180068162375,36.285714285714285,4.370588154508101,42.47619047619048,30.5040258978584,2.091975653652589,7
TOKA-045,22,29.202380952380953,5.785877002834913,31.166666666666664,4.579543888011362,34.766666666666666,26.329689643347052,2.687581601091671,6
TOKA-046,32,36.06349206349206,3.8312306735886885,39.111111111111114,3.8999841721742765,40.56944444444444,35.67152892370646,2.4321113274815316,9
TOKA-047,25,40.68,11.623204377451167,36.2,6.273754856543249,42.35,30.01792,2.983635177698505,5
TOKA-048,17,54.5,44.791182167922294,24.5,4.541475531146237,29.166666666666668,20.2421875,2.1587253680919556,4
TOKA-049,21,22.928571428571427,2.222499577767753,25.5,4.286607049870562,26.166666666666668,23.359375,3.119330795118562,4
TOKA-050,28,37,7.035623639735144,37,6.652067347825035,41,32.19140625,3.7215698834579123,4
TOKA-051,18,21.125,2.8726212985703494,23,4.743416490252569,23,20.5,2.5,2
TOKA-052,24,31.714285714285715,6.004371585279411,33,5.937171043518958,36.666666666666664,28.2421875,3.2625864302488217,4
TOKA-053,25,27.7,2.962262648719725,30.4,2.5806975801127883,30.933333333333337,27.856556547100002,1.8310938886141592,10
TOKA-054,20,21.333333333333332,1.8618986725025257,23.333333333333332,2.1081851067789192,23.333333333333332,21.843878600823047,1.5067635276305853,6
TOKA-055,28,43.476190476190474,13.824567613133452,37.285714285714285,5.389899851403852,43.48351648351649,32.004541191213,2.7199452854145747,14
TOKA-056,16,22.075,5.464304621816027,22.75,3.944933459514875,25.583333333333332,19.1640625,2.094551502373181,4
TOKA-057,30,43.71428571428571,10.678225030215383,41.42857142857143,4.5175395145262565,47.98809523809524,34.989487366071714,2.2421680471695744,21
TOKA-058,22,26.82142857142857,4.298132518744397,29.5,4.031128874149275,31.766666666666666,25.6755615569273,2.566493865131317,6
TOKA-059,18,19.6875,1.985420492301316,22.5,3.0618621784789726,22.833333333333332,20.4140625,2.620613429350798,4
TOKA-060,30,53.529411764705884,22.84292686935012,39.411764705882355,3.5528632636568234,46.580882352941174,33.94624816192385,1.8912149707457073,17
TOKA-061,29,38.55263157894737,7.612112195544829,39.421052631578945,3.6962210244377762,44.19298245614035,33.75667707477593,2.0509905597484357,19
TOKA-062,13,16.2,3.219937887599697,17,4.242640687119285,17,15,2.449489742783178,2
TOKA-063,18,24,5.744562646538029,24,3.24037034920393,26.666666666666668,20.80078125,1.7620565086422277,4
TOKA-064,29,35.48214285714286,5.19747550204787,38.42857142857143,4.668609896676626,41.523809523809526,33.60293876579608,2.585384107915183,7
TOKA-065,18,25.59375,6.902095045392015,24.75,4.643543905251677,27.916666666666668,21.10546875,2.8257689383198756,4
TOKA-066,23,26.40277777777778,3.456747926054175,28.833333333333332,3.395258131243894,30.3,25.91934585048011,2.3275183753199267,6
TOKA-067,25,29.923076923076923,4.5913906226870544,32.38461538461539,2.9432502261090754,34.5,28.587488296696925,1.753588116721517,13
TOKA-068,26,42.94117647058823,13.577918161179772,37.294117647058826,4.261357712064666,44.57352941176471,30.857842149993402,2.1702368969134485,17
TOKA-069,26,36.5,7.599342076785332,36.5,6.955213871621778,41.166666666666664,30.87890625,3.697151613568334,4
TOKA-070,24,31.77857142857143,6.198754342090514,33.9,4.637887450122092,37.72222222222223,28.6558801181,2.6998543046951857,10
TOKA-071,21,24.675,3.7541477062044324,26.25,3.799671038392666,28.083333333333332,23.55859375,2.6744750461466147,4
TOKA-072,15,21,5.744562646538029,21,3.872983346207417,23.666666666666668,17.7890625,2.1907202859091233,4
TOKA-073,21,31.125,9.479418494823403,27.75,3.944933459514875,31.25,24.0546875,2.020630292097926,4
TOKA-074,15,21.805555555555557,6.979264556158907,20.833333333333332,3.8550111687401256,23.9,17.640324931412895,2.194187029137804,6
TOKA-075,25,31.482142857142858,5.269162757609672,33.25,4.763139720814412,36.416666666666664,28.9296875,2.5347078041351727,4
TOKA-076,16,22.125,6.329905870811456,21.25,4.175823272122517,23.75,18.42578125,2.4081484748969357,4
TOKA-077,24,28.05,4.36870976376321,29.4,2.2045407685048604,31.355555555555558,26.6922566144,1.4563799444579866,10
TOKA-078,24,84,69.7137002317335,34,5.916079783099616,41.46666666666667,28.174618484224965,2.9487084168079076,6
TOKA-079,29,66.92592592592592,29.613822944253087,43.22222222222222,6.409868934158203,53.62500000000001,34.97546129781484,2.9602094371103647,9
TOKA-080,40,58.900000000000006,11.955385815606286,56.8,6.466323014923808,65.96190476190476,47.47329637373833,3.3262361417675077,15
TOKA-081,31,50.339285714285715,12.308838954158793,45.25,9.093266739736606,52.416666666666664,37.4609375,4.468469997783777,4
TOKA-082,30,39.166666666666664,7.719024117939607,39.166666666666664,3.9668767451373017,43.71212121212121,34.19662766759171,2.2686702393097793,12
TOKA-083,21,31.8,8.54447189708059,30,7.297259759663212,34.333333333333336,25.1171875,3.933273711533911,4
TOKA-084,19,79,69.7137002317335,29,4.654746681256314,36.46666666666667,23.153485082304528,2.0471439783405354,6
TOKA-085,25,30.357142857142858,4.575651748252133,32.5,4.541475531146237,35.166666666666664,28.62109375,2.682587147458762,4
TOKA-086,29,47.75,13.52081728298996,41.5,6.089608635481704,48.833333333333336,34.51483196159122,2.910228550934901,6
TOKA-087,12,39,32.863353450309965,18,4.163331998932265,20.833333333333332,14.703703703703704,1.9209337007244338,3
TOKA-088,17,18.25,1.963203164898291,19.5,1.4433756729740645,19.9,18.363233024691358,1.0780506878382854,6
TOKA-089,30,48.82222222222222,16.301591732224043,40.266666666666666,4.129030017920539,47.385714285714286,34.50343451013228,2.1811109818857806,15
TOKA-090,18,20.1875,2.640578771784701,22.375,2.361805453461398,22.910714285714285,20.277285158634186,1.6369472553590014,8
TOKA-091,16,31.1875,15.2654250882509,22.75,4.479118216792229,26.583333333333332,18.984375,2.3451558283779352,4
TOKA-092,16,20.166666666666668,3.7422759959187446,21,5.612486080160912,21,18.5,3.278719262151,2
TOKA-093,15,20,4.47213595499958,20,4.847679857416329,20,17.5,2.598076211353316,2
TOKA-094,22,28.25,5.327796605226842,29.5,4.373213921133975,32.5,25.546875,2.377825211064724,4
TOKA-095,22,25.40277777777778,3.456747926054175,27.833333333333332,3.395258131243894,29.3,24.936321159122087,2.189211853033045,6
TOKA-096,19,24,5.477225575051661,24,2.41522945769824,26.4,21.310892489711936,1.3277718408999348,6
TOKA-097,22,32.41666666666667,8.997009534037161,30.333333333333336,4.6844897741850655,34.86666666666667,25.76406035665295,2.481294805400812,6
TOKA-098,23,31,6.811754546370561,31,4.732863826479693,34.75,26.69728,2.6437323241205783,5
TOKA-099,28,33,4.654746681256314,35.5,3.557562367689427,37.6,31.776666962907676,2.1547473073591568,16
TOKA-100,28,34.48214285714286,5.19747550204787,37.42857142857143,4.668609896676626,40.523809523809526,32.52882970288133,2.7020528555888625,7
TOKA-101,24,33.1875,6.622383032659014,34.5,6.031169040907409,38.833333333333336,28.93359375,3.0412984825500007,4
TOKA-102,30,36.666666666666664,5.140014891653501,40,5,43.2,34.876907578875176,3.012946744367355,6
TOKA-103,36,40.93827160493827,4.171629925094383,44.888888888888886,4.097575314352395,46.54166666666667,40.589608382844204,2.694318170149612,9
TOKA-104,26,31.333333333333332,5.8118652580542305,31.333333333333332,3.442651863295482,33.958333333333336,28.61579427720974,2.1678008117514174,9
TOKA-105,11,14.0625,3.28125,14.5,3.278719262151,14.5,12.75,1.7853571071357126,2
TOKA-106,11,14.375,3.717042675299814,15.5,2.806243040080456,17.166666666666668,13.1484375,1.6350164551446416,4
TOKA-107,9,12,3.4641016151377544,12,2.7386127875258306,12,10.5,1.5,2
TOKA-108,15,17.083333333333332,2.5344843876242584,19.166666666666668,2.266911751455907,19.833333333333332,17.131858710562415,1.4050968272300264,6
TOKA-109,20,24.444444444444443,4.196804584952679,26.666666666666668,3.72677996249965,28.8,23.254200960219478,2.222170025485544,6
TOKA-110,15,21.125,6.329905870811456,20.25,4.175823272122517,22.75,17.41015625,2.3913365720002564,4
TOKA-111,22,25.23076923076923,3.269004517057812,28.46153846153846,3.3916011823151697,28.955128205128208,25.347258105910036,2.0998962377942476,13
TOKA-112,28,33.236363636363635,4.107174276914319,37.6,6.788225099390856,39.849999999999994,32.81824,4.058640573196891,5
TOKA-113,11,12.041666666666666,1.445879362059515,13.5,2.692582403567252,13.5,12.25,1.6393596310755,2
TOKA-114,27,30.9375,3.542708180192097,34.875,4.75821657766857,35.839285714285715,31.029310941696167,3.0369924655852727,8
TOKA-115,25,29.153846153846153,4.468826937931635,30.53846153846154,2.6379120306895762,32.51282051282051,27.78388449452238,1.7002647101455852,13
TOKA-116,15,16.5625,1.980536806440786,18.75,2.0766559657295187,19.25,16.9609375,1.7270926787795002,4
TOKA-117,16,34,15.297058540778355,25,5.123475382979799,30,19.98828125,2.327623556526793,4
TOKA-119,26,33.53846153846154,7.678192177100107,32.46153846153846,3.3916011823151697,36.05769230769231,29.063626479948134,1.9051690337076221,13
TOKA-120,23,28.625,4.996092222927835,30.5,3.593976442141304,33.3,26.59186385459534,2.0976987824134254,6
TOKA-121,14,20.25,5.625,19,5.1478150704935,19,16.5,2.8722813232690143,2
TOKA-122,9,10.5625,2.03125,11.5,2.29128784747792,11.5,10.25,1.299038105676658,2
TOKA-123,13,52,22.638117744194194,19.5,6.264982043070834,19.5,16.25,3.2691742076555053,2
TOKA-124,23,29.75,6.0093676872030395,30.5,3.3541019662496847,33.833333333333336,26.48840449245542,1.9909976515448669,6
TOKA-125,16,17.36111111111111,1.6203703703703702,19.5,3.278719262151,19.5,17.75,1.7853571071357126,2
TOKA-126,32,107.60000000000001,64.83332476435247,48.8,5.860602926889576,62.7904761904762,38.7565693444888,2.614464772831466,15
TOKA-127,31,38.824074074074076,5.784600310033302,41.833333333333336,5.387743291748205,45.7,36.210433813443075,3.0069006455468337,6
TOKA-129,36,62.684210526315795,21.980096763654434,48.31578947368421,4.9930699897395465,57.41228070175438,41.176734979009495,2.4903373272195135,19
TOKA-130,16,20.166666666666668,3.7422759959187446,21,4.743416490252569,21,18.5,2.5,2
TOKA-131,31,40.375,6.5251915680690935,42.25,7.996092795859738,46.75,36.328125,4.385005300381631,4
TOKA-132,14,24.083333333333336,8.997041694871667,19.5,5.267826876426369,19.5,16.75,2.7726341266023544,2
TOKA-133,19,26.5625,6.155589008508175,27.25,4.763139720814412,30.75,22.86328125,2.5079676499904138,4
TOKA-134,9,15.125,6.80590276892052,12.5,3.278719262151,12.5,10.75,1.7853571071357126,2
TOKA-135,23,38.38461538461539,13.746077080697653,32.230769230769226,3.9881481220971446,38.36538461538461,26.992185727357402,2.1393322727528394,13
TOKA-136,24,48.64583333333333,20.347377464330037,35.375,6.160610765175804,43.19642857142857,28.864714741706848,3.1669767705466185,8
TOKA-137,25,30.653846153846153,5.649036415711578,31.46153846153846,2.4422319794442373,34.282051282051285,28.071895074150472,1.4966605311197216,13
TOKA-138,21,38.60416666666667,13.799881899907293,31.833333333333336,5.833333333333333,38.36666666666667,25.73883316186557,2.904304644792704,6
TOKA-139,17,18.77777777777778,1.9259259259259258,21,4.242640687119285,21,19,2.449489742783178,2
TOKA-140,7,7.2,0.5366563145999496,8,0.7071067811865476,8,7.5,0.5,2
TOKA-141,13,28.125,14.584077361972543,18.5,5.454356057317857,18.5,15.75,2.947456530637899,2
TOKA-142,19,41.6875,21.615288643110922,27.25,5.629165124598851,32.083333333333336,22.62890625,2.7327199232103787,4
TOKA-143,18,20.25,2.5433737436719754,22.5,3.0618621784789726,23.5,20.29296875,2.0851290275480405,4
TOKA-144,21,30.333333333333336,9.051294157518354,28,3.6228441865473595,32.07142857142857,24.135090589523315,2.0651151484361656,8
TOKA-145,12,12.892857142857142,1.2823794619955924,14.5,2.692582403567252,14.5,13.25,1.6393596310755,2
TOKA-146,15,17.34375,2.8480822083684663,18.75,2.968585521759479,19.916666666666668,16.84765625,1.8017554306386696,4
TOKA-147,5,9,6,7,2,7,6,1.224744871391589,2
TOKA-148,15,25.125,9.479418494823403,21.75,3.75,25.25,18.0390625,1.8131565351876682,4
TOKA-149,18,54.75,33.1346684003326,28.5,6.955213871621778,34.833333333333336,22.55859375,3.3941131790883077,4
TOKA-150,10,30.25,24.75,14.5,4.272001872658765,14.5,12.25,2.277608394786075,2
TOKA-151,9,15.125,6.80590276892052,12.5,3.278719262151,12.5,10.75,1.7853571071357126,2
TOKA-152,15,22.5625,6.53125,20.5,5.454356057317857,20.5,17.75,2.947456530637899,2
TOKA-153,20,31.25,10.473180032826706,27.5,4.232808366400098,31.9,23.356974451303156,2.289994669300362,6
TOKA-154,28,30.509803921568626,3.3028207471589552,31.764705882352942,1.8823529411764706,32.8125,30.01403165781021,1.3147736291168173,17
TOKA-155,23,47.64583333333333,20.347377464330037,34.375,6.572908412567453,42.19642857142857,27.79916286468506,3.3731510226465518,8
TOKA-156,21,25.82142857142857,4.298132518744397,28.5,4.232808366400098,30.766666666666666,24.66263717421125,2.608490891790686,6
TOKA-158,17,35.75,18.30727314484601,24.5,5.44288526426931,28.833333333333332,20.3046875,2.8941174004078944,4
TOKA-159,16,22.05,5.165317028024515,21.5,5.454356057317857,21.5,18.75,2.947456530637899,2
TOKA-161,17,21.339285714285715,3.9240059278581487,23.75,4.130677910464576,25.916666666666668,20.2890625,2.4016672065658367,4
TOKA-162,15,17.285714285714285,2.375776687486571,19,3.872983346207417,19,17,2.1213203435596424,2
TOKA-163,14,20.25,5.625,19,4.743416490252569,19,16.5,2.5,2
TOKA-164,18,33.84375,12.48351451978268,27.75,5.8576872569299905,32.916666666666664,22.36328125,2.7323402027197194,4
TOKA-165,12,16,4,16,3.872983346207417,16,14,2.1213203435596424,2
TOKA-166,11,12.041666666666666,1.445879362059515,13.5,2.29128784747792,13.5,12.25,1.299038105676658,2
TOKA-167,13,14.285714285714286,1.6198477414681165,16,3.391164991562634,16,14.5,2.0615528128088303,2
TOKA-168,13,16.375,3.717042675299814,17.5,2.806243040080456,19.166666666666668,15.15625,1.8368515012106994,4
TOKA-169,24,28.573333333333334,4.5506102154912504,30.53333333333333,3.135460271014626,32.576190476190476,27.130709869232717,2.0123686380792116,15
TOKA-170,27,40.642105263157895,10.625403104623093,38.368421052631575,4.056389235367936,44.88011695906433,32.03804136396594,2.0938031047913985,19
TOKA-172,27,32.359375,5.38081648406227,33.125,4.19635258289863,35.80357142857143,29.977696657180786,2.481740410583675,8
TOKA-173,10,11.25,1.6770509831248424,12.5,2.692582403567252,12.5,11.25,1.6393596310755,2
TOKA-174,15,26.34375,9.502993463410622,23.25,5.0682837331783235,27.416666666666668,18.73046875,2.6607699365547255,4
TOKA-176,14,32,16.97056274847714,20,6.082762530298219,20,17,3.3166247903554,2
TOKA-178,10,10,0,10,0,10,10,0,1
TOKA-FNR,19,55.125,31.554640110449682,27.5,8.616843969807043,27.5,23.25,4.602988159880492,2
