date,temp.max,temp.min,rain.in
2010-09-08,NA,NA,NA
2010-09-09,59.5,52.3,NA
2010-09-10,65.6,46,NA
2010-09-11,67.2,48.7,NA
2010-09-12,57.7,50.1,NA
2010-09-13,59.5,49.6,NA
2010-09-14,60.4,48.9,NA
2010-09-15,61.5,48.7,NA
2010-09-16,68,53.7,NA
2010-09-17,66,58.6,NA
2010-09-18,65.4,59.1,NA
2010-09-19,66.9,55.9,NA
2010-09-20,NA,NA,NA
2010-09-21,NA,NA,NA
2010-09-22,60,53.9,0.03
2010-09-23,64.9,51.4,0
2010-09-24,75.2,52.7,0
2010-09-25,83.4,58.8,0
2010-09-26,73,48.3,0
2010-09-27,74.6,49.4,0
2010-09-28,78.9,56.4,0
2010-09-29,76.4,56.1,0
2010-09-30,63.3,50,0
2010-10-01,60.8,54.6,0
2010-10-02,62.2,52.3,0
2010-10-03,58.8,51.9,0
2010-10-04,58.8,53,0
2010-10-05,64.5,47.4,0
2010-10-06,63.5,52.5,0
2010-10-07,63.6,50,0
2010-10-08,63.8,51.2,0
2010-10-09,68.9,51.9,0
2010-10-10,64.4,51,0
2010-10-11,77,50.9,0
2010-10-12,81.6,59.5,0
2010-10-13,72.5,58.4,0.02
2010-10-14,76.2,58.6,0.02
2010-10-15,64.7,52.7,0.01
2010-10-16,58.6,47.3,0
2010-10-17,53,50.5,0.02
2010-10-18,58.8,49.4,0.02
2010-10-19,59.1,44.9,0
2010-10-20,56.6,45.8,0
2010-10-21,62.4,51.9,0
2010-10-22,58.4,52.1,0.01
2010-10-23,59.9,49.8,0.02
2010-10-24,NA,NA,NA
2010-10-25,59.3,51,0.04
2010-10-26,57.3,50.9,0.03
2010-10-27,65.8,46.7,0.04
2010-10-28,67.8,55.4,0
2010-10-29,62.4,56.4,0.01
2010-10-30,60.2,49.8,0.1
2010-10-31,64.7,50.7,0.05
2010-11-01,68.7,52.1,0.01
2010-11-02,75.3,55,0
2010-11-03,74.3,55.7,0
2010-11-04,77.5,58.2,0
2010-11-05,74.1,50,0
2010-11-06,64.9,51.9,0
2010-11-07,59.1,52.5,0.29
2010-11-08,55.5,50.5,0.31
2010-11-09,56.1,45.8,0
2010-11-10,55.2,50.1,0.05
2010-11-11,62.9,48.9,0.05
2010-11-12,64,46.4,0
2010-11-13,69.8,50.5,0
2010-11-14,75.7,54.3,0.01
2010-11-15,75.5,59,0
2010-11-16,68.5,54.6,0
2010-11-17,60.2,50,0
2010-11-18,56.8,41.7,0
2010-11-19,52.8,47.1,0
2010-11-20,52.3,41.7,0.26
2010-11-21,52.3,41.3,0.2
2010-11-22,53.6,44.4,0.26
2010-11-23,53.6,47.4,0.26
2010-11-24,47.1,36.1,0.17
2010-11-25,51.8,38.4,0
2010-11-26,52.5,39.2,0
2010-11-27,51,42.2,0.05
2010-11-28,49.1,44.9,0.09
2010-11-29,54.5,39.5,0
2010-11-30,55.2,41.1,0
2010-12-01,55,43.3,0
2010-12-02,58.1,46.2,0.01
2010-12-03,58.2,50,0
2010-12-04,56.4,48.2,0.02
2010-12-05,60.4,50,0.06
2010-12-06,58.4,50.5,1.3
2010-12-07,58.2,46.7,0
2010-12-08,57.3,50.1,0.06
2010-12-09,57.2,53.6,0.38
2010-12-10,NA,NA,NA
2010-12-11,59.1,51.8,0
2010-12-12,62.9,51.9,0
2010-12-13,61.7,48.9,0
2010-12-14,57.7,52.8,0
2010-12-15,55,45.6,0
2010-12-16,53.2,37.7,0
2010-12-17,54.3,46.4,0.01
2010-12-18,55.7,50.7,0.54
2010-12-19,55.7,51.2,1.66
2010-12-20,52.7,47.3,1.71
2010-12-21,55,47.1,0.03
2010-12-22,54.6,49.8,0.37
2010-12-23,53.9,42,0.33
2010-12-24,56.1,44,0.01
2010-12-25,56.6,48,0.36
2010-12-26,55.9,48.3,0.82
2010-12-27,54.8,47.3,0.02
2010-12-28,52.1,47.1,0.03
2010-12-29,54.1,46.9,2.65
2010-12-30,47.8,42.2,0.45
2010-12-31,48.2,39,0
2011-01-01,51.2,45.1,0.14
2011-01-02,52.3,47.4,0.9
2011-01-03,52.7,42.2,0.98
2011-01-04,55,40.4,0
2011-01-05,56.4,40.2,0
2011-01-06,59.5,39.9,0
2011-01-07,56.3,39.3,0
2011-01-08,50,42,0
2011-01-09,48,38.3,0.01
2011-01-10,51.2,38.6,0.01
2011-01-11,55,42.2,0.13
2011-01-12,61.8,49.6,0.13
2011-01-13,57.2,48.9,0.03
2011-01-14,63.3,50.3,0.03
2011-01-15,70.1,50.7,0.01
2011-01-16,60.2,47.1,0
2011-01-17,60.8,48.3,0
2011-01-18,69.8,47.6,0
2011-01-19,66.9,49.6,0
2011-01-20,63.8,50,0
2011-01-21,67.2,48.3,0
2011-01-22,68.3,49.8,0
2011-01-23,67.4,55.2,0
2011-01-24,69.4,50.3,0
2011-01-25,70.8,49.2,0
2011-01-26,68.5,53.7,0
2011-01-27,67.6,50.9,0
2011-01-28,65.1,42.6,0
2011-01-29,53.9,46.5,0
2011-01-30,52.3,48.7,0.72
2011-01-31,52.3,42,0.72
2011-02-01,62,42.9,0.01
2011-02-02,60.4,50.3,0.01
2011-02-03,56.4,43.8,0
2011-02-04,60.8,44.6,0
2011-02-05,72.5,48.7,0
2011-02-06,73.9,51.9,0
2011-02-07,74.4,48.2,0
2011-02-08,53.9,47.6,0
2011-02-09,60.6,47.6,0
2011-02-10,61.7,48.2,0
2011-02-11,63.5,46.5,0
2011-02-12,63.8,48.9,0
2011-02-13,60.6,41.3,0
2011-02-14,55,44.9,0.14
2011-02-15,54.5,49.6,0.15
2011-02-16,53.9,47.1,0.35
2011-02-17,49.1,44.2,1.15
2011-02-18,47.3,41.9,1.35
2011-02-19,43.7,37.9,0.94
2011-02-20,50.3,39.3,0.36
2011-02-21,50.3,38.1,0.02
2011-02-22,51.9,37.5,0
2011-02-23,49.6,42.8,0
2011-02-24,50,42.9,0.03
2011-02-25,49.4,43.5,0.49
2011-02-26,44.6,33.4,0.5
2011-02-27,49.8,36.3,0.02
2011-02-28,53,38.4,0
2011-03-01,54.8,41.5,0
2011-03-02,51.6,48.3,0.11
2011-03-03,59,48.7,0.11
2011-03-04,60,45.8,0
2011-03-05,60.8,46.4,0
2011-03-06,57.9,51.2,0.05
2011-03-07,52.7,47.8,0
2011-03-08,55,46.9,0
2011-03-09,59.5,44.9,0
2011-03-10,57.7,44.4,0
2011-03-11,54.1,43.8,0
2011-03-12,54.6,44,0
2011-03-13,60.2,48.2,0
2011-03-14,57.9,53.7,0.08
2011-03-15,59.3,51.2,0.01
2011-03-16,55.2,50.7,0.05
2011-03-17,54.1,42.4,0.01
2011-03-18,51.9,43.7,0.78
2011-03-19,48.3,43.3,0.94
2011-03-20,51.8,44.9,4.18
2011-03-21,51,42.8,0.2
2011-03-22,54.1,43.3,0.04
2011-03-23,53.4,46.9,0.08
2011-03-24,50.9,45.6,0.77
2011-03-25,53.2,45.6,0.78
2011-03-26,52.5,47.1,0.46
2011-03-27,54.1,40.6,0.46
2011-03-28,52.5,46.5,0
2011-03-29,54.8,46.5,0
2011-03-30,69.8,49.2,0
2011-03-31,75.3,51,0
2011-04-01,71.7,53.4,0
2011-04-02,59.9,50.3,0
2011-04-03,56.4,44.4,0
2011-04-04,74.4,46.4,0
2011-04-05,60.6,47.4,0
2011-04-06,51,44.9,0
2011-04-07,50.1,42.4,0.07
2011-04-08,52.3,38.6,0.07
2011-04-09,51,39,0
2011-04-10,53.2,42.2,0
2011-04-11,56.6,46.7,0.01
2011-04-12,50.1,45.8,0
2011-04-13,52.3,43.7,0.11
2011-04-14,54.1,42.6,0.11
2011-04-15,59.1,46.5,0
2011-04-16,59.3,50.7,0
2011-04-17,57.3,50.3,0
2011-04-18,58.2,50.1,0
2011-04-19,58.1,51.2,0
2011-04-20,58.6,48.3,0
2011-04-21,53.4,45.8,0.02
2011-04-22,52.7,44.9,0.02
2011-04-23,57.9,44.9,0
2011-04-24,54.3,51,0
2011-04-25,56.1,49.1,0
2011-04-26,54.6,47.4,0
2011-04-27,53.9,46.2,0
2011-04-28,53.9,47.3,0
2011-04-29,53,42.9,0
2011-04-30,61.5,46.4,0
2011-05-01,67.6,44,0
2011-05-02,64.4,44.7,0
2011-05-03,57,47.3,0
2011-05-04,79.5,50,0
2011-05-05,70.3,50.3,0.01
2011-05-06,60.8,47.6,0.01
2011-05-07,53.9,47.8,0
2011-05-08,53.6,48.2,0
2011-05-09,53.4,46.5,0
2011-05-10,52.5,44.6,0
2011-05-11,53.9,47.4,0
2011-05-12,54.8,49.6,0
2011-05-13,53,45.6,0
2011-05-14,53.9,47.6,0
2011-05-15,53.4,42.6,0.42
2011-05-16,55.2,47.3,0.15
2011-05-17,53,47.8,0.37
2011-05-18,54.5,48.5,0.1
2011-05-19,55.2,49.2,0.01
2011-05-20,53.7,50,0
2011-05-21,54.8,50.1,0
2011-05-22,52.5,49.4,0
2011-05-23,53.4,49.4,0.01
2011-05-24,54.6,47.8,0.01
2011-05-25,56.4,44.4,0
2011-05-26,56.4,48.2,0
2011-05-27,57.9,50.1,0
2011-05-28,57.3,50.3,0
2011-05-29,53.7,47.4,0.09
2011-05-30,55.7,49.1,0
2011-05-31,54.6,50,0.13
2011-06-01,56.4,49.1,0.13
2011-06-02,57.5,46.7,0.02
2011-06-03,55.5,46.5,0
2011-06-04,57.5,51.8,1.74
2011-06-05,59.7,52.8,1.74
2011-06-06,58.8,51.8,0.03
2011-06-07,56.8,51.8,0
2011-06-08,57.3,51.9,0
2011-06-09,56.4,51,0
2011-06-10,54.6,50.3,0
2011-06-11,54.8,49.8,0
2011-06-12,55.2,49.4,0
2011-06-13,59,51.8,0
2011-06-14,61.8,48.9,0
2011-06-15,58.6,49.1,0
2011-06-16,56.4,48.3,0
2011-06-17,55,48.2,0
2011-06-18,60,49.8,0
2011-06-19,67.8,50.1,0
2011-06-20,68.7,51.6,0
2011-06-21,65.1,51.9,0
2011-06-22,61.3,49.6,0
2011-06-23,59.7,50.5,0
2011-06-24,57.3,48.7,0
2011-06-25,55.2,50.1,0
2011-06-26,57.9,51.2,0
2011-06-27,59.5,51.4,0
2011-06-28,60.2,49.1,0.85
2011-06-29,59.3,51.9,0.86
2011-06-30,60,50.3,0.01
2011-07-01,66.3,50.1,0.01
2011-07-02,62.2,49.6,0.01
2011-07-03,70.7,51,0
2011-07-04,61.3,52.7,0
2011-07-05,65.1,46,0
2011-07-06,62,48.3,0
2011-07-07,60.6,50.5,0
2011-07-08,58.8,48.3,0
2011-07-09,57.2,49.4,0
2011-07-10,57.5,50.9,0
2011-07-11,56.6,51.2,0
2011-07-12,58.6,51.4,0
2011-07-13,56.8,53.7,0
2011-07-14,56.1,51.9,0
2011-07-15,59.1,52.5,0.01
2011-07-16,64,52.8,0.02
2011-07-17,60.9,54.8,0.02
2011-07-18,66.9,52.5,0.01
2011-07-19,62,54.6,0.02
2011-07-20,66.9,51.8,0.02
2011-07-21,63.5,51.6,0.04
2011-07-22,61.8,51.6,0.03
2011-07-23,62.2,51.6,0.04
2011-07-24,62.9,53.9,0.01
2011-07-25,60,51.9,0.02
2011-07-26,60.6,53.6,0.03
2011-07-27,63.1,50.3,0.03
2011-07-28,65.3,50,0.03
2011-07-29,63.6,52.3,0.02
2011-07-30,62.7,55,0.02
2011-07-31,58.8,54.1,0.02
2011-08-01,62.9,53.6,0.02
2011-08-02,62.4,51,0.02
2011-08-03,60.8,51.2,0.02
2011-08-04,59.5,54.6,0.02
2011-08-05,59.7,53.6,0.01
2011-08-06,58.4,52.1,0.01
2011-08-07,55.9,53,0.01
2011-08-08,57.9,51.9,0
2011-08-09,61.1,50.5,0
2011-08-10,58.4,50.9,0
2011-08-11,58.6,52.1,0.01
2011-08-12,57.3,52.8,0.01
2011-08-13,62.9,49.1,0.01
2011-08-14,64.4,50,0.01
2011-08-15,63.8,51.9,0.01
2011-08-16,63.5,50.1,0
2011-08-17,59.5,51.6,0
2011-08-18,57.3,51.6,0
2011-08-19,60.8,53.2,0
2011-08-20,60.6,53,0.01
2011-08-21,60.2,53.7,0.01
2011-08-22,63.5,53.6,0
2011-08-23,65.6,50.7,0.01
2011-08-24,65.6,51.2,0.01
2011-08-25,61.5,56.3,0
2011-08-26,60.4,52.5,0
2011-08-27,62.9,50.3,0
2011-08-28,62.6,48.2,0
2011-08-29,61.7,51.4,0
2011-08-30,60.2,53.4,0
2011-08-31,63.6,51.9,0
2011-09-01,64,51,0.01
2011-09-02,64.9,51.8,0.01
2011-09-03,61.1,50.9,0.01
2011-09-04,60,51,0
2011-09-05,62.6,51.4,0
2011-09-06,65.8,48.2,0
2011-09-07,71,49.8,0.01
2011-09-08,62.9,48.3,0.02
2011-09-09,61.8,50.3,0
2011-09-10,67.8,50.3,0.03
2011-09-11,66.3,56.1,0.03
2011-09-12,63.8,55.2,0.01
2011-09-13,61.3,54.8,0.02
2011-09-14,58.4,53.2,0.02
2011-09-15,60.8,52.7,0.02
2011-09-16,59.3,53.4,0.02
2011-09-17,65.4,53,0.04
2011-09-18,66.5,51.9,0.04
2011-09-19,75,53,0.05
2011-09-20,76.8,55.7,0.02
2011-09-21,65.4,49.1,0.02
2011-09-22,62.4,49.8,0.04
2011-09-23,67.1,49.2,0.04
2011-09-24,62.4,53,0.04
2011-09-25,63.6,56.6,0.04
2011-09-26,66.5,49.4,0.04
2011-09-27,72.6,52.7,0.03
2011-09-28,79.8,61.1,0.03
2011-09-29,79.8,51.4,0.02
2011-09-30,66.3,57.7,0.01
2011-10-01,68.7,58.2,0.04
2011-10-02,64.9,53.7,0.04
2011-10-03,62.9,51.8,0.59
2011-10-04,61.7,54.8,0.71
2011-10-05,59.9,53,1.7
2011-10-06,57.7,51,1.7
2011-10-07,59.9,48.5,0.21
2011-10-08,58.6,49.1,0.02
2011-10-09,60.8,50.3,0.02
2011-10-10,61.8,54.6,0.03
2011-10-11,63.8,59.5,0.01
2011-10-12,73,57.5,0.02
2011-10-13,80.4,58.1,0.02
2011-10-14,79.7,65.6,0.03
2011-10-15,71.4,55.4,0.03
2011-10-16,66.5,60.6,0.01
2011-10-17,68.5,51.9,0.02
2011-10-18,64.4,52.5,0.02
2011-10-19,59.5,54.3,0
2011-10-20,57.5,52.8,0.03
2011-10-21,62.9,52.8,0.04
2011-10-22,82.5,53.7,0.02
2011-10-23,77.1,65.3,0.01
2011-10-24,71.2,49.2,0.01
2011-10-25,60.9,50.9,0.01
2011-10-26,63.1,46.9,0.04
2011-10-27,64.9,48.7,0.04
2011-10-28,67.4,53,0.02
2011-10-29,70.5,50.9,0.03
2011-10-30,63.3,51.9,0.02
2011-10-31,60.6,49.2,0.02
2011-11-01,71.2,48.5,0.03
2011-11-02,69.9,61.7,0.01
2011-11-03,66,47.6,0.04
2011-11-04,50.7,43.5,0.07
2011-11-05,53.2,47.3,0.04
2011-11-06,53.6,48.7,0.46
2011-11-07,54.6,46.4,0.01
2011-11-08,56.3,39.7,0.01
2011-11-09,63.8,45.6,0.01
2011-11-10,65.8,50.1,0.01
2011-11-11,61.5,49.4,0.3
2011-11-12,58.2,48,0.39
2011-11-13,56.8,47.6,0.02
2011-11-14,54.6,50,0.04
2011-11-15,57.7,46.9,0
2011-11-16,55.5,44,0
2011-11-17,55,49.4,0.01
2011-11-18,54.3,48,0
2011-11-19,53.4,41.9,0.11
2011-11-20,53.9,48.2,0.92
2011-11-21,58.4,42.6,0.2
2011-11-22,58.4,47.1,0
2011-11-23,57.3,49.8,0
2011-11-24,55,50.3,0.01
2011-11-25,59,45.1,0.01
2011-11-26,67.6,47.1,0
2011-11-27,65.4,51.6,0
2011-11-28,60,47.1,0
2011-11-29,57.9,44.2,0
2011-11-30,61.8,46.4,0.01
2011-12-01,63.8,54.5,0.03
2011-12-02,64.7,58.1,0.01
2011-12-03,63.8,49.8,0.01
2011-12-04,59.1,44.2,0
2011-12-05,58.1,44.6,0
2011-12-06,60,43.1,0
2011-12-07,56.1,40.2,0
2011-12-08,55.2,39.7,0
2011-12-09,57.2,44.6,0
2011-12-10,55.9,48.5,0.01
2011-12-11,50.9,44.4,0.01
2011-12-12,50,43.3,0.06
2011-12-13,53.6,41.7,0.05
2011-12-14,52.8,41.9,0
2011-12-15,51.2,44.2,0.02
2011-12-16,58.4,40.6,0.02
2011-12-17,59.3,44.7,0
2011-12-18,54.8,41,0
2011-12-19,55.9,44.9,0
2011-12-20,60,44.4,0.04
2011-12-21,61.1,45.6,0.04
2011-12-22,59.9,49.6,0
2011-12-23,57.9,45.8,0
2011-12-24,57.5,39.9,0
2011-12-25,60.8,48,0
2011-12-26,49.6,44.2,0
2011-12-27,54.6,38.8,0
2011-12-28,58.1,45.5,0
2011-12-29,54.8,46.7,0
2011-12-30,57.9,51.6,0
2011-12-31,60,44.4,0
2012-01-01,73.7,47.4,0
2012-01-02,71.4,46.9,0
2012-01-03,63.6,45.3,0
2012-01-04,70.1,49.1,0
2012-01-05,69,45.6,0
2012-01-06,55,48,0
2012-01-07,60,46.9,0
2012-01-08,65.4,54.5,0
2012-01-09,60.6,45.5,0
2012-01-10,60.9,46.4,0
2012-01-11,58.2,41,0
2012-01-12,60,44.9,0
2012-01-13,66.9,49.1,0
2012-01-14,64.2,53,0
2012-01-15,57.5,43.7,0
2012-01-16,46.5,40.4,0
2012-01-17,47.3,37.9,0
2012-01-18,52.3,34.8,0
2012-01-19,51,38.4,0
2012-01-20,55.5,49.1,0.07
2012-01-21,55,46.5,2.69
2012-01-22,51.8,41.1,0.14
2012-01-23,54.1,49.8,0.54
2012-01-24,56.4,46.9,0.54
2012-01-25,65.6,48.5,0
2012-01-26,61.3,52.8,0
2012-01-27,63.8,48,0
2012-01-28,65.4,48.7,0
2012-01-29,65.1,50,0
2012-01-30,58.8,48,0
2012-01-31,50.7,44.7,0
2012-02-01,51.9,42.9,0
2012-02-02,64.7,47.6,0
2012-02-03,61.1,44.9,0
2012-02-04,63.1,45.6,0
2012-02-05,65.1,48.7,0
2012-02-06,65.6,49.1,0
2012-02-07,57.5,50.1,0.11
2012-02-08,60.9,49.8,0.11
2012-02-09,67.2,50.1,0
2012-02-10,63.3,49.1,0
2012-02-11,54.1,48.2,0
2012-02-12,50.3,47.1,0
2012-02-13,49.2,42.9,0.23
2012-02-14,50.7,44.6,0.23
2012-02-15,51.9,42.4,0.01
2012-02-16,60,46.5,0.01
2012-02-17,55.7,42.8,0
2012-02-18,51.9,46.9,0
2012-02-19,50,40.1,0
2012-02-20,54.8,42.9,0
2012-02-21,55.9,42.6,0
2012-02-22,66.3,48.3,0
2012-02-23,58.4,47.4,0
2012-02-24,67.4,52.3,0
2012-02-25,55.5,44.4,0
2012-02-26,48.7,41.7,0
2012-02-27,46.2,41.7,0
2012-02-28,50.7,43.1,0
2012-02-29,51.8,46.4,0.01
2012-03-01,49.2,43.1,0.01
2012-03-02,58.2,41.5,0
2012-03-03,61.1,48,0
2012-03-04,65.6,49.4,0
2012-03-05,63.6,41.5,0
2012-03-06,48,44,0
2012-03-07,56.4,41,0
2012-03-08,65.1,42,0
2012-03-09,61.1,41.9,0
2012-03-10,59.3,42.6,0
2012-03-11,55.2,44.4,0
2012-03-12,56.3,40.8,0
2012-03-13,51.4,49.2,0.02
2012-03-14,53.7,50.5,0.02
2012-03-15,55.4,53,0.01
2012-03-16,53.6,51.9,0
2012-03-17,52.1,41.9,0.38
2012-03-18,47.1,43.1,0.03
2012-03-19,49.1,39.5,0.01
2012-03-20,58.8,44.9,0
2012-03-21,57.9,46,0
2012-03-22,54.3,45.5,0
2012-03-23,54.8,39,0
2012-03-24,49.8,41.7,0.29
2012-03-25,51.8,42,1.02
2012-03-26,54.1,42.2,0.33
2012-03-27,54.8,49.1,0.46
2012-03-28,59.9,51.2,2.88
2012-03-29,60.2,44.9,0.02
2012-03-30,59.3,46,0
2012-03-31,57.3,45.8,0.42
2012-04-01,53.2,46.7,0.49
2012-04-02,56.1,41.7,0
2012-04-03,58.4,46.5,0
2012-04-04,53.9,45.1,0
2012-04-05,49.1,42.4,0
2012-04-06,50.1,43.3,0
2012-04-07,57.7,41.1,0
2012-04-08,55.9,39.9,0
2012-04-09,59.1,43.3,0
2012-04-10,NA,NA,NA
2012-04-11,55.5,49.1,0.12
2012-04-12,55.5,47.4,0.73
2012-04-13,51.2,46,1.81
2012-04-14,52.3,47.4,0.58
2012-04-15,54.1,47.4,0
2012-04-16,56.1,46.9,0
2012-04-17,57.5,47.6,0
2012-04-18,57.2,48.3,0
2012-04-19,61.1,52.5,0
2012-04-20,69.2,50.5,0
2012-04-21,64.7,51.8,0
2012-04-22,63.8,46.7,0
2012-04-23,59.9,51.4,0
2012-04-24,62.7,53.9,0
2012-04-25,62.9,54.1,0
2012-04-26,56.4,50.1,0.01
2012-04-27,54.5,48,0.01
2012-04-28,55,48,0
2012-04-29,57.7,47.4,0
2012-04-30,60.2,46.7,0
2012-05-01,52.5,47.4,0
2012-05-02,51.8,45.8,0
2012-05-03,56.1,47.1,0
2012-05-04,54.8,47.6,0
2012-05-05,61.8,44.2,0
2012-05-06,70.1,46.9,0
2012-05-07,64.2,48.2,0
2012-05-08,61.7,46,0
2012-05-09,58.2,47.1,0.01
2012-05-10,64,46.4,0.01
2012-05-11,64.9,46.5,0
2012-05-12,60.6,44.4,0
2012-05-13,58.8,48,0
2012-05-14,60.9,51.2,0
2012-05-15,57.5,47.3,0
2012-05-16,54.8,48.2,0
2012-05-17,53.6,48,0
2012-05-18,59,46.9,0
2012-05-19,57,46.5,0
2012-05-20,60.8,48.5,0
2012-05-21,60.4,50.3,0
2012-05-22,58.8,49.8,0
2012-05-23,55,50.1,0
2012-05-24,53,47.3,0
2012-05-25,52.1,47.6,0
2012-05-26,53,47.6,0
2012-05-27,54.3,48.9,0
2012-05-28,55.5,49.4,0
2012-05-29,53.9,48.7,0
2012-05-30,58.2,48.2,0
2012-05-31,63.1,45.8,0
2012-06-01,63.1,49.1,0.01
2012-06-02,61.3,51.2,0.01
2012-06-03,60.8,48.3,0
2012-06-04,57.3,52.3,0.17
2012-06-05,54.3,48.3,0.17
2012-06-06,53.9,46,0
2012-06-07,60.4,49.1,0
2012-06-08,56.1,48.5,0
2012-06-09,59.5,46.2,0.01
2012-06-10,73,50.3,0.01
2012-06-11,68.5,53.4,0.01
2012-06-12,64,47.8,0.01
2012-06-13,55.2,49.8,0.01
2012-06-14,57.3,48.9,0.01
2012-06-15,60.9,47.8,0.01
2012-06-16,71.4,50.1,0.01
2012-06-17,67.6,52.8,0
2012-06-18,62.2,50.5,0.02
2012-06-19,62.7,49.2,0.02
2012-06-20,63.1,48.9,0.01
2012-06-21,57.9,49.8,0
2012-06-22,61.7,48.9,0
2012-06-23,59.7,50.7,0
2012-06-24,60.4,48.5,0
2012-06-25,61.8,49.4,0
2012-06-26,62.4,51.2,0
2012-06-27,62,47.3,0.01
2012-06-28,62,50.5,0.01
2012-06-29,62.9,53.7,0
2012-06-30,66.5,55,0
2012-07-01,65.6,54.8,0
2012-07-02,57.7,52.8,0
2012-07-03,60.8,52.7,0
2012-07-04,59,50.7,0
2012-07-05,57.7,52.3,0
2012-07-06,62.2,51.8,0.01
2012-07-07,64.4,48.7,0.02
2012-07-08,58.8,50,0
2012-07-09,57.2,51.8,0
2012-07-10,62.7,47.4,0
2012-07-11,63.1,45.6,0
2012-07-12,59.1,45.3,0
2012-07-13,55.7,50.1,0
2012-07-14,57.5,51.6,0
2012-07-15,61.8,50.3,0
2012-07-16,60.9,51.6,0
2012-07-17,64.4,52.7,0
2012-07-18,63.1,53.6,0.03
2012-07-19,64.2,51.6,0.04
2012-07-20,61.3,53.2,0.04
2012-07-21,67.1,49.6,0.01
2012-07-22,60.9,50.9,0
2012-07-23,62.6,51.2,0
2012-07-24,64.2,51.6,0
2012-07-25,64.7,53.2,0
2012-07-26,61.5,52.3,0
2012-07-27,63.3,52.3,0
2012-07-28,60.9,50.9,0
2012-07-29,57.3,51.6,0
2012-07-30,62.9,49.2,0
2012-07-31,61.5,50.1,0
2012-08-01,60.2,50.3,0
2012-08-02,58.6,48.3,0.01
2012-08-03,60.4,49.2,0.01
2012-08-04,58.8,51.2,0.02
2012-08-05,64.2,55.4,0.03
2012-08-06,61.7,52.7,0.01
2012-08-07,62.2,52.1,0.01
2012-08-08,63.1,52.3,0.01
2012-08-09,64,49.4,0.01
2012-08-10,62,49.8,0.02
2012-08-11,63.6,46.2,0
2012-08-12,63.8,48.2,0.01
2012-08-13,63.1,49.2,0.01
2012-08-14,64.5,50,0
2012-08-15,62.4,52.3,0
2012-08-16,63.8,53.6,0
2012-08-17,60,51.6,0.01
2012-08-18,66,54.8,0.01
2012-08-19,60,51.9,0.01
2012-08-20,61.3,49.6,0
2012-08-21,60.4,51.9,0.01
2012-08-22,63.1,51.6,0.01
2012-08-23,62.2,51.9,0.01
2012-08-24,62.7,50.3,0.01
2012-08-25,58.8,51.9,0.02
2012-08-26,61.1,51.6,0.01
2012-08-27,65.6,55,0.02
2012-08-28,68.9,53.4,0.01
2012-08-29,68.5,47.8,0.01
2012-08-30,64.7,49.8,0.01
2012-08-31,58.1,52.1,0
2012-09-01,58.1,53.4,0
2012-09-02,61.5,44.9,0.01
2012-09-03,60.4,48.3,0.01
2012-09-04,61.3,46.7,0.01
2012-09-05,60.8,48.9,0
2012-09-06,61.3,50.9,0.01
2012-09-07,62.9,52.1,0.02
2012-09-08,59.5,52.8,0.01
2012-09-09,62.4,52.7,0.01
2012-09-10,62.6,51.9,0.01
2012-09-11,62.6,50.5,0.01
2012-09-12,64.4,49.2,0.01
2012-09-13,62.9,51,0.01
2012-09-14,60.9,51.6,0.01
2012-09-15,60.9,50.3,0
2012-09-16,61.1,46.9,0.01
2012-09-17,59.7,49.8,0.01
2012-09-18,59.1,50.7,0
2012-09-19,58.4,53,0
2012-09-20,57.9,51.8,0.01
2012-09-21,62.7,51.2,0.01
2012-09-22,61.5,49.6,0.02
2012-09-23,63.8,46,0.02
2012-09-24,61.5,48,0.02
2012-09-25,61.5,47.1,0.01
2012-09-26,55.5,50.3,0.01
2012-09-27,59.1,47.8,0.02
2012-09-28,57,48.7,0.02
2012-09-29,61.3,49.4,0.02
2012-09-30,69.4,47.6,0.01
2012-10-01,84,60.4,0.01
2012-10-02,84.2,68.3,0.02
2012-10-03,86.1,60.6,0.01
2012-10-04,65.1,55.7,0.01
2012-10-05,68,54.6,0.01
2012-10-06,66.7,53.2,0.01
2012-10-07,64.7,52.1,0.01
2012-10-08,63.6,52.7,0.01
2012-10-09,64.4,50.3,0.02
2012-10-10,59.5,53,0.11
2012-10-11,55,53,0.21
2012-10-12,61.1,52.7,0.01
2012-10-13,66,49.2,0.01
2012-10-14,65.8,50.5,0.01
2012-10-15,66.7,51.4,0.01
2012-10-16,68,58.1,0.01
2012-10-17,81.5,53.9,0.01
2012-10-18,86.7,62.7,0.01
2012-10-19,71.2,60.2,0.01
2012-10-20,60,53,0.01
2012-10-21,56.3,48.3,0.01
2012-10-22,59.3,51.2,0.25
2012-10-23,58.8,49.4,0.25
2012-10-24,61.7,48.2,0.06
2012-10-25,64,52.8,0.03
2012-10-26,65.8,55.2,0
2012-10-27,74.1,52.3,0
2012-10-28,63.5,50.9,0
2012-10-29,64.7,49.6,0
2012-10-30,62.9,48.3,0
2012-10-31,59.7,53.4,0.01
2012-11-01,59.3,56.4,0.24
2012-11-02,59.9,47.6,0.24
2012-11-03,68.3,50.1,0
2012-11-04,79.1,56.3,0
2012-11-05,81.1,57.9,0
2012-11-06,82.9,65.6,0.01
2012-11-07,74.1,48.7,0
2012-11-08,57.7,50,0.08
2012-11-09,51.4,43.1,0.09
2012-11-10,52.8,46.5,0.1
2012-11-11,55.2,40.6,0.02
2012-11-12,59.3,44.2,0.01
2012-11-13,66.9,45.1,0
2012-11-14,72.5,52.3,0
2012-11-15,68.1,57.2,0.01
2012-11-16,62.9,54.6,0.1
2012-11-17,59,56.1,0.28
2012-11-18,58.8,48.5,0.59
2012-11-19,62.4,50.7,0
2012-11-20,61.3,56.4,0
2012-11-21,59.3,55.7,0.22
2012-11-22,61.3,44.2,0.22
2012-11-23,68.5,48.9,0.01
2012-11-24,69.4,55.9,0.01
2012-11-25,59.5,48.2,0
2012-11-26,56.8,45.1,0
2012-11-27,59.5,52.7,0
2012-11-28,59.9,54.8,3.06
2012-11-29,59.9,56.8,3.06
2012-11-30,59.3,56.8,4.58
2012-12-01,60,56.1,4.6
2012-12-02,59,54.1,1.73
2012-12-03,57,44.2,1.73
2012-12-04,57.2,50.3,0.01
2012-12-05,63.3,56.3,0.44
2012-12-06,60,51,0.44
2012-12-07,57.5,48.7,0.01
2012-12-08,60.8,41.5,0.02
2012-12-09,65.8,51.4,0.04
2012-12-10,67.1,59.1,0.04
2012-12-11,66,48,0.01
2012-12-12,50.9,46.5,0.07
2012-12-13,51.9,40.4,0.1
2012-12-14,50.5,39.3,0
2012-12-15,48.9,40.1,0.18
2012-12-16,54.3,44.4,0.19
2012-12-17,55.5,51.9,0.04
2012-12-18,52.8,44.7,0.04
2012-12-19,51.2,36.1,0.04
2012-12-20,55.7,41.5,0
2012-12-21,53.4,50.3,0.54
2012-12-22,55.4,48.2,1.35
2012-12-23,54.5,49.6,3.19
2012-12-24,55.2,48,3.24
2012-12-25,51.6,41.3,0.05
2012-12-26,51,47.3,0.97
2012-12-27,50.1,47.6,0.08
2012-12-28,52.8,40.4,0
2012-12-29,51.2,42.4,0.46
2012-12-30,50.9,41.1,0.46
2012-12-31,51.9,42,0
2013-01-01,52.1,40.2,0
2013-01-02,58.6,38.4,0
2013-01-03,56.6,42.6,0
2013-01-04,55.5,40.1,0
2013-01-05,54.8,46.9,0
2013-01-06,50.3,44.4,0.2
2013-01-07,52.5,45.3,0.05
2013-01-08,62.2,47.8,0.01
2013-01-09,60.6,45.3,0
2013-01-10,47.1,42,0.06
2013-01-11,47.8,43.5,0.07
2013-01-12,48.2,38.6,0
2013-01-13,48.2,34.5,0
2013-01-14,49.4,38.6,0
2013-01-15,50.7,37.9,0.01
2013-01-16,56.4,36.6,0
2013-01-17,63.6,45.5,0
2013-01-18,65.3,50.5,0
2013-01-19,63.3,49.4,0
2013-01-20,68.1,49.2,0
2013-01-21,70.3,48.9,0
2013-01-22,69.6,53,0
2013-01-23,64.9,53.9,0.07
2013-01-24,56.1,49.6,0.11
2013-01-25,62.6,54.1,0.02
2013-01-26,59.3,47.4,0
2013-01-27,50.3,46,0
2013-01-28,50.1,46.4,0
2013-01-29,50.3,46.5,0
2013-01-30,55.9,45.6,0.02
2013-01-31,60.4,46.4,0.02
2013-02-01,63.1,46.5,0
2013-02-02,57.5,43.1,0
2013-02-03,51.2,46.7,0
2013-02-04,51.6,41.7,0
2013-02-05,50.9,45.8,0
2013-02-06,50.7,42,0
2013-02-07,51.4,41,0.04
2013-02-08,49.1,40.1,0.16
2013-02-09,51.4,41.5,0.13
2013-02-10,52.8,35.2,0.01
2013-02-11,60.2,42.2,0
2013-02-12,54.5,40.6,0.01
2013-02-13,52.3,41.5,0
2013-02-14,68.1,40.1,0
2013-02-15,68.5,52.3,0
2013-02-16,70.5,54.5,0
2013-02-17,58.2,46.7,0
2013-02-18,50.9,46,0.01
2013-02-19,47.4,41,0.41
2013-02-20,48.9,40.2,0.48
2013-02-21,51.4,44,0
2013-02-22,54.5,41,0
2013-02-23,50,46,0.01
2013-02-24,58.6,44.2,0.01
2013-02-25,51,42.2,0
2013-02-26,62.2,42,0.01
2013-02-27,56.6,42.2,0.01
2013-02-28,57.9,44.9,0
2013-03-01,62.7,43.7,0
2013-03-02,62,48.5,0
2013-03-03,56.1,47.6,0
2013-03-04,51.8,45.1,0
2013-03-05,50.7,41.5,0
2013-03-06,52.7,46.5,0.54
2013-03-07,52.3,40.4,0.47
2013-03-08,50.7,44,0.33
2013-03-09,53,46.7,0.12
2013-03-10,57.2,41.3,0
2013-03-11,54.5,40.6,0
2013-03-12,55.5,43.3,0
2013-03-13,69.2,42.4,0
2013-03-14,63.6,41.7,0
2013-03-15,59.1,44.7,0
2013-03-16,53.7,44.2,0
2013-03-17,52.8,46.2,0
2013-03-18,54.3,43.3,0
2013-03-19,59,45.3,0
2013-03-20,57.7,48.5,0.11
2013-03-21,54.1,43.8,0.04
2013-03-22,55.7,42.9,0
2013-03-23,59.5,41.7,0
2013-03-24,54.3,43.1,0.01
2013-03-25,50.7,43.5,0.01
2013-03-26,54.8,46,0
2013-03-27,60.9,46.4,0
2013-03-28,59.9,52.3,0
2013-03-29,56.6,48.5,0
2013-03-30,63.6,49.6,0
2013-03-31,60.8,52.5,0.44
2013-04-01,58.8,51.9,0.09
2013-04-02,54.8,45.8,0.02
2013-04-03,59.5,43.3,0
2013-04-04,57.3,47.4,0.34
2013-04-05,59.1,52.5,0.34
2013-04-06,56.6,50.5,0
2013-04-07,56.8,50.7,0
2013-04-08,52.3,47.4,0.05
2013-04-09,58.2,47.3,0.05
2013-04-10,67.2,49.1,0
2013-04-11,57.9,47.1,0
2013-04-12,53.7,43.5,0
2013-04-13,51.8,47.1,0
2013-04-14,50.5,44.2,0
2013-04-15,49.8,44.6,0
2013-04-16,51.6,39,0.01
2013-04-17,58.6,45.5,0
2013-04-18,59.7,44.9,0
2013-04-19,58.2,44.7,0
2013-04-20,59,44.7,0
2013-04-21,69,45.5,0
2013-04-22,68.5,51.2,0
2013-04-23,59.7,43.1,0
2013-04-24,56.6,43.5,0
2013-04-25,58.6,49.8,0
2013-04-26,54.8,48.3,0
2013-04-27,53.6,46.2,0
2013-04-28,60.4,44.9,0
2013-04-29,64.5,49.4,0
2013-04-30,57.7,46.5,0
2013-05-01,62.7,47.3,0
2013-05-02,79.1,50.7,0
2013-05-03,71,55.2,0
2013-05-04,67.6,49.6,0
2013-05-05,59.3,51.9,0.02
2013-05-06,62.7,54.3,0.02
2013-05-07,61.8,54.8,0
2013-05-08,57.9,47.6,0
2013-05-09,53.7,49.6,0
2013-05-10,55.5,49.1,0
2013-05-11,62.9,48,0.01
2013-05-12,64,49.6,0.01
2013-05-13,61.3,48.3,0.01
2013-05-14,57.7,51.4,0.01
2013-05-15,56.6,49.1,0.01
2013-05-16,60.2,51.8,0
2013-05-17,57.5,50.9,0
2013-05-18,56.8,50.1,0
2013-05-19,62,47.4,0
2013-05-20,66.3,48.5,0.01
2013-05-21,58.6,49.1,0.01
2013-05-22,51.6,44.9,0
2013-05-23,54.1,46.9,0
2013-05-24,54.1,45.8,0
2013-05-25,53,47.8,0.01
2013-05-26,60.9,50.5,0.01
2013-05-27,59.9,51.9,0
2013-05-28,60.8,54.1,0.02
2013-05-29,59.1,52.1,0
2013-05-30,55.9,49.4,0
2013-05-31,66.7,47.3,0.01
2013-06-01,65.3,47.6,0.01
2013-06-02,59.5,48.3,0
2013-06-03,63.3,50.3,0
2013-06-04,61.8,50.5,0
2013-06-05,58.1,51.8,0
2013-06-06,59,50.3,0
2013-06-07,61.7,48.7,0
2013-06-08,66.3,48.5,0
2013-06-09,62,54.8,0
2013-06-10,63.5,54.6,0
2013-06-11,61.8,52.3,0
2013-06-12,57.9,49.2,0
2013-06-13,58.2,50,0
2013-06-14,63.8,47.6,0
2013-06-15,56.8,48.5,0
2013-06-16,62.7,48.9,0
2013-06-17,62,51.2,0
2013-06-18,59,51.9,0
2013-06-19,57.9,52.7,0
2013-06-20,58.8,49.2,0
2013-06-21,61.1,50.1,0
2013-06-22,61.7,49.2,0
2013-06-23,61.7,53.2,0
2013-06-24,59.9,54.1,0.01
2013-06-25,68.9,57.9,0.01
2013-06-26,69.8,60.9,0
2013-06-27,71.9,58.8,0.01
2013-06-28,72.3,55.4,0
2013-06-29,73.7,57.5,0
2013-06-30,69.8,55.7,0.01
2013-07-01,70.3,53,0
2013-07-02,65.8,53.9,0
2013-07-03,69.8,53.6,0.01
2013-07-04,72.8,55.2,0
2013-07-05,64.2,53.2,0
2013-07-06,58.6,52.1,0.01
2013-07-07,65.3,52.5,0.01
2013-07-08,62.9,51,0.01
2013-07-09,66,50.3,0
2013-07-10,62.6,49.4,0
2013-07-11,57.5,50.7,0.01
2013-07-12,60.9,51,0.01
2013-07-13,63.8,47.4,0.01
2013-07-14,60.8,49.4,0.01
2013-07-15,60.6,50.1,0.03
2013-07-16,63.8,53,0.02
2013-07-17,59.9,55.4,0.01
2013-07-18,61.5,50,0.01
2013-07-19,58.6,51,0
2013-07-20,56.8,50.7,0.01
2013-07-21,61.7,49.8,0.01
2013-07-22,66.2,53,0.01
2013-07-23,64.4,54.6,0.02
2013-07-24,65.3,50.9,0.03
2013-07-25,62.6,50,0.01
2013-07-26,61.7,52.5,0.02
2013-07-27,62.2,52.5,0.02
2013-07-28,59.3,51.9,0.02
2013-07-29,63.1,53.9,0.02
2013-07-30,62.9,53.4,0.01
2013-07-31,60.9,51.9,0
2013-08-01,62,54.6,0
2013-08-02,60.6,52.8,0.01
2013-08-03,62.2,52.3,0.01
2013-08-04,59.5,51.2,0.01
2013-08-05,60.2,51.2,0.01
2013-08-06,61.5,52.3,0.01
2013-08-07,64.9,54.6,0
2013-08-08,62.4,53.2,0.01
2013-08-09,64.9,53,0.01
2013-08-10,64,54.1,0.01
2013-08-11,61.7,54.3,0
2013-08-12,65.4,52.3,0
2013-08-13,66.5,50.9,0
2013-08-14,67.2,53.4,0.01
2013-08-15,70.8,60.8,0
2013-08-16,69.8,56.4,0
2013-08-17,66.5,55.4,0.01
2013-08-18,70.5,55.4,0
2013-08-19,73.7,52.7,0
2013-08-20,66.7,54.5,0
2013-08-21,64.7,53.6,0
2013-08-22,66.2,55,0
2013-08-23,60.4,55.2,0
2013-08-24,69.6,56.1,0
2013-08-25,68.5,59.7,0.01
2013-08-26,65.8,57.7,0
2013-08-27,65.1,53.4,0
2013-08-28,67.4,54.6,0
2013-08-29,68.3,57,0
2013-08-30,69.6,58.2,0
2013-08-31,67.1,53.2,0
2013-09-01,68.5,57.2,0
2013-09-02,69.8,60.9,0
2013-09-03,69.4,57.7,0
2013-09-04,68.3,60.4,0
2013-09-05,65.4,59.9,0
2013-09-06,74.8,52.5,0
2013-09-07,74.1,59.5,0
2013-09-08,64.7,53.2,0
2013-09-09,64.7,51.4,0
2013-09-10,64.7,53.4,0
2013-09-11,68,60.8,0
2013-09-12,65.6,59,0
2013-09-13,59.3,56.4,0
2013-09-14,58.1,54.8,0
2013-09-15,68.1,55.7,0
2013-09-16,67.8,56.8,0
2013-09-17,61.7,57.7,0
2013-09-18,69.2,51.4,0
2013-09-19,67.8,50.5,0
2013-09-20,68.7,53.2,0
2013-09-21,64.9,58.1,0.17
2013-09-22,62.4,54.6,0.17
2013-09-23,71.4,56.1,0.02
2013-09-24,64.5,59,0.02
2013-09-25,60.6,53.9,0
2013-09-26,62.4,49.1,0
2013-09-27,69.9,52.1,0
2013-09-28,70.8,51.6,0
2013-09-29,69.9,57.5,0
2013-09-30,68.9,59.5,0
2013-10-01,62.6,53.7,0.01
2013-10-02,59.1,50,0.01
2013-10-03,59.9,48.7,0
2013-10-04,77.5,53,0
2013-10-05,79.8,65.3,0
2013-10-06,79.7,60.9,0
2013-10-07,73.4,60,0
2013-10-08,61.1,49.4,0
2013-10-09,60,49.6,0
2013-10-10,60.2,45.5,0
2013-10-11,57.9,46.2,0.01
2013-10-12,56.6,41.9,0.01
2013-10-13,64.5,49.6,0
2013-10-14,75,50.5,0
2013-10-15,77.9,61.8,0.01
2013-10-16,75,61.3,0.01
2013-10-17,74.1,56.4,0.01
2013-10-18,64.5,44.2,0
2013-10-19,60.8,43.1,0
2013-10-20,56.8,42.4,0
2013-10-21,58.4,45.1,0
2013-10-22,55.7,43.8,0
2013-10-23,52.7,44.7,0
2013-10-24,55.5,47.6,0
2013-10-25,59.1,46,0
2013-10-26,56.6,45.5,0
2013-10-27,53.7,45.1,0
2013-10-28,53.7,51.2,0
2013-10-29,57.5,51.2,0
2013-10-30,58.6,44.4,0
2013-10-31,64.7,48.5,0
2013-11-01,66.3,52.3,0
2013-11-02,59.3,44.4,0
2013-11-03,56.6,47.1,0
2013-11-04,57.2,44.7,0
2013-11-05,68.9,48.9,0
2013-11-06,66,50.3,0
2013-11-07,66.5,53.6,0
2013-11-08,64.5,46.2,0.01
2013-11-09,65.4,47.4,0
2013-11-10,61.7,45.5,0
2013-11-11,58.6,48.3,0
2013-11-12,65.6,52.3,0
2013-11-13,62.6,49.8,0.01
2013-11-14,52.7,48.9,0.01
2013-11-15,57,49.8,0
2013-11-16,53.9,47.1,0
2013-11-17,55.5,48.2,0
2013-11-18,56.6,43.8,0
2013-11-19,59.3,49.2,0
2013-11-20,57,54.6,0.67
2013-11-21,57.9,48.7,0.67
2013-11-22,67.1,53.2,0
2013-11-23,63.1,48.7,0
2013-11-24,61.7,46,0
2013-11-25,62.9,47.1,0.01
2013-11-26,62.6,48.7,0.01
2013-11-27,66.2,51.6,0.01
2013-11-28,65.3,49.6,0
2013-11-29,62.4,52.5,0.01
2013-11-30,59.1,44.9,0.01
2013-12-01,64.7,47.1,0
2013-12-02,65.1,45.1,0.01
2013-12-03,53.9,48.7,0
2013-12-04,50.1,40.8,0
2013-12-05,48.9,36.1,0.01
2013-12-06,51.4,36.5,0.01
2013-12-07,50,42,0.2
2013-12-08,45.3,32.9,0.2
2013-12-09,50.9,35,0
2013-12-10,54.1,35.2,0.01
2013-12-11,56.8,44,0.01
2013-12-12,56.6,44.7,0
2013-12-13,59.9,44.2,0
2013-12-14,63.6,43.1,0
2013-12-15,66.5,48.7,0.01
2013-12-16,73.4,51.4,0
2013-12-17,72.8,59.3,0
2013-12-18,64.7,43.5,0
2013-12-19,52.1,46.2,0
2013-12-20,54.1,45.6,0
2013-12-21,52.5,46.7,0
2013-12-22,58.6,47.1,0
2013-12-23,59,47.3,0
2013-12-24,71.6,52.1,0
2013-12-25,70.5,52.1,0.01
2013-12-26,71.4,53.2,0
2013-12-27,71.4,56.6,0
2013-12-28,64.4,44.7,0
2013-12-29,69.4,50,0
2013-12-30,66.5,52.3,0
2013-12-31,62.7,42.4,0
2014-01-01,60.6,42.8,0
2014-01-02,65.3,48.9,0
2014-01-03,64.4,51.9,0
2014-01-04,62.7,41.9,0
2014-01-05,65.6,51.9,0
2014-01-06,67.1,52.8,0
2014-01-07,60.4,49.8,0
2014-01-08,55.2,49.8,0
2014-01-09,52.3,49.6,0
2014-01-10,59.9,48,0
2014-01-11,54.5,45.3,0
2014-01-12,55.4,47.6,0
2014-01-13,69.8,50.1,0
2014-01-14,74.4,59,0
2014-01-15,74.3,55.7,0
2014-01-16,74.1,57.5,0
2014-01-17,75.9,56.4,0
2014-01-18,76.2,53,0
2014-01-19,68.7,54.5,0
2014-01-20,63.1,45.6,0
2014-01-21,71.6,43.3,0
2014-01-22,71.2,50.1,0
2014-01-23,65.6,41.7,0
2014-01-24,64.7,49.2,0
2014-01-25,69.4,50.1,0
2014-01-26,66.7,52.7,0
2014-01-27,58.4,43.8,0
2014-01-28,61.7,50.1,0
2014-01-29,59.3,55.2,0
2014-01-30,56.8,49.6,0
2014-01-31,53,45.5,0.01
2014-02-01,53.4,38.4,0
2014-02-02,50.9,41,0.84
2014-02-03,49.8,40.2,1.02
2014-02-04,49.8,41.5,0.01
2014-02-05,51.2,45.6,0
2014-02-06,54.3,45.3,0.69
2014-02-07,54.3,49.8,0.69
2014-02-08,55.4,51,0.91
2014-02-09,55.2,54.3,0.95
2014-02-10,55.2,51.4,0.13
2014-02-11,54.1,46.5,0
2014-02-12,57.2,44.2,0.01
2014-02-13,62.6,48.5,0
2014-02-14,62.2,53.4,0
2014-02-15,59.1,50.7,0
2014-02-16,57.5,46.7,0.05
2014-02-17,55.5,44.7,0
2014-02-18,58.4,47.6,0
2014-02-19,55.4,50.3,0.01
2014-02-20,65.4,45.6,0.01
2014-02-21,65.6,49.1,0
2014-02-22,61.7,44.4,0
2014-02-23,57.3,43.7,0
2014-02-24,59.9,46.2,0
2014-02-25,59.5,44.4,0
2014-02-26,56.6,51.8,0.42
2014-02-27,58.2,52.5,1.16
2014-02-28,61.5,52.1,1.35
2014-03-01,60.2,51.4,1.51
2014-03-02,59.3,52.8,0.88
2014-03-03,57.5,48.2,0
2014-03-04,59.9,52.8,0.12
2014-03-05,62.7,52.1,0
2014-03-06,60.6,52.8,0.04
2014-03-07,57.9,47.1,0.04
2014-03-08,63.6,46.7,0
2014-03-09,71.4,54.1,0
2014-03-10,61.7,52.3,0
2014-03-11,67.6,53.4,0
2014-03-12,72.8,55.4,0
2014-03-13,71.2,56.3,0
2014-03-14,57.7,48.5,0
2014-03-15,70.1,49.4,0
2014-03-16,59.9,49.1,0
2014-03-17,56.6,48.5,0
2014-03-18,64.5,44.4,0
2014-03-19,67.6,48.3,0
2014-03-20,58.6,48.9,0
2014-03-21,55.2,45.6,0
2014-03-22,55.2,46.2,0.01
2014-03-23,55,45.8,0.01
2014-03-24,60.4,41.5,0
2014-03-25,59.3,46.9,0.06
2014-03-26,56.1,50.1,0.15
2014-03-27,58.2,50.5,0.15
2014-03-28,62.6,49.8,0
2014-03-29,58.4,51.8,0.42
2014-03-30,55.2,49.2,0.66
2014-03-31,53.9,43.7,0.92
2014-04-01,54.5,43.1,0.99
2014-04-02,54.8,43.5,0.96
2014-04-03,55.7,42.6,0.01
2014-04-04,55,47.6,0.18
2014-04-05,55.7,49.4,0.2
2014-04-06,66.3,46,0
2014-04-07,71,53.6,0
2014-04-08,65.4,48.9,0
2014-04-09,58.2,47.3,0
2014-04-10,59.9,40.8,0
2014-04-11,56.1,48.5,0
2014-04-12,57.7,50.5,0
2014-04-13,56.3,50.1,0
2014-04-14,59.3,47.3,0
2014-04-15,55.9,49.2,0
2014-04-16,60.4,47.6,0
2014-04-17,54.8,46.4,0
2014-04-18,53.6,49.8,0
2014-04-19,57.7,47.3,0
2014-04-20,68.3,46.9,0
2014-04-21,61.3,47.6,0
2014-04-22,54.1,48.2,0
2014-04-23,56.1,47.3,0
2014-04-24,59.3,50.3,0
2014-04-25,55,48,0.47
2014-04-26,54.5,47.6,0.47
2014-04-27,57,49.1,0
2014-04-28,58.6,48.7,0
2014-04-29,74.6,50.1,0
2014-04-30,81.6,59,0
2014-05-01,77.3,61.3,0
2014-05-02,77.1,50,0.01
2014-05-03,57.9,50.5,0
2014-05-04,60.8,53.6,0
2014-05-05,58.4,52.3,0
2014-05-06,55.7,49.6,0
2014-05-07,54.5,49.2,0
2014-05-08,57.9,50.7,0
2014-05-09,57.7,52.7,0
2014-05-10,55.4,50,0
2014-05-11,63.8,46.9,0
2014-05-12,69.4,47.1,0
2014-05-13,78.6,57.2,0
2014-05-14,80.4,63.8,0
2014-05-15,77.5,64.9,0.01
2014-05-16,68.7,47.6,0.01
2014-05-17,61.8,52.8,0
2014-05-18,58.8,52.7,0
2014-05-19,59.3,52.5,0
2014-05-20,59.3,51.8,0.01
2014-05-21,58.1,50.9,0
2014-05-22,57.9,51.6,0
2014-05-23,59,50,0
2014-05-24,56.4,51.6,0
2014-05-25,64.4,47.8,0
2014-05-26,62.4,50.3,0
2014-05-27,59.9,50,0
2014-05-28,58.2,48.3,0
2014-05-29,64.2,48.7,0
2014-05-30,57.3,47.8,0
2014-05-31,56.3,50.1,0
2014-06-01,59,46.7,0
2014-06-02,58.4,47.8,0
2014-06-03,58.1,48.9,0
2014-06-04,59.7,47.8,0
2014-06-05,60,47.6,0
2014-06-06,61.5,48.5,0
2014-06-07,59.5,49.2,0
2014-06-08,68.5,48.3,0
2014-06-09,67.8,51.2,0
2014-06-10,65.4,51.8,0
2014-06-11,63.3,54.8,0
2014-06-12,59.7,50.5,0
2014-06-13,61.5,51.9,0
2014-06-14,66.9,49.2,0.01
2014-06-15,58.1,50.9,0.01
2014-06-16,56.8,51.8,0
2014-06-17,63.3,49.2,0
2014-06-18,68.7,48.3,0
2014-06-19,62.2,47.3,0
2014-06-20,64.9,48,0
2014-06-21,60,49.4,0
2014-06-22,58.1,50.3,0
2014-06-23,61.1,51.4,0
2014-06-24,62.2,51.8,0
2014-06-25,60.9,54.3,0
2014-06-26,67.8,56.1,0.01
2014-06-27,67.4,53.7,0.01
2014-06-28,64.7,55,0
2014-06-29,66,52.8,0
2014-06-30,74.4,51.6,0
2014-07-01,64.2,53,0
2014-07-02,59.1,53.6,0
2014-07-03,64.2,53.6,0
2014-07-04,62.7,49.8,0
2014-07-05,63.6,47.4,0
2014-07-06,63.1,47.4,0.01
2014-07-07,62.4,49.8,0.01
2014-07-08,62.7,53.2,0.01
2014-07-09,65.6,54.5,0
2014-07-10,65.6,55.2,0
2014-07-11,66.5,54.8,0
2014-07-12,63.8,56.8,0
2014-07-13,61.7,53,0
2014-07-14,69.8,52.1,0
2014-07-15,73,53.6,0.05
2014-07-16,69.9,58.4,0.07
2014-07-17,66.9,57.3,0.03
2014-07-18,66,57.2,0.01
2014-07-19,67.6,56.6,0.03
2014-07-20,68.7,57.9,0.03
2014-07-21,69.4,61.1,0.02
2014-07-22,70.1,56.6,0.02
2014-07-23,71.9,57.3,0.01
2014-07-24,71.2,56.6,0.02
2014-07-25,71.9,51.2,0.01
2014-07-26,68.7,54.3,0.02
2014-07-27,67.2,55.4,0.03
2014-07-28,67.6,55.7,0.01
2014-07-29,66,55.5,0.01
2014-07-30,66.3,54.3,0.01
2014-07-31,69.9,53.7,0.01
2014-08-01,67.6,52.5,0.01
2014-08-02,64.5,54.5,0.01
2014-08-03,62.9,54.8,0.01
2014-08-04,65.6,55.5,0.01
2014-08-05,66.7,57,0.01
2014-08-06,66.5,57.3,0.01
2014-08-07,63.5,55.4,0.02
2014-08-08,64.9,56.3,0.02
2014-08-09,62.6,55,0.01
2014-08-10,65.1,55.4,0
2014-08-11,68,55.7,0
2014-08-12,68.1,58.4,0.01
2014-08-13,67.4,55.4,0
2014-08-14,65.1,55.7,0.01
2014-08-15,66.7,53.6,0
2014-08-16,65.8,55,0.01
2014-08-17,66.2,53.2,0.01
2014-08-18,63.5,53.7,0.01
2014-08-19,67.2,56.3,0
2014-08-20,63.5,59.9,0.02
2014-08-21,68.1,56.8,0.02
2014-08-22,67.4,56.8,0
2014-08-23,67.1,56.6,0
2014-08-24,67.4,56.6,0.01
2014-08-25,67.1,58.4,0.01
2014-08-26,68,56.3,0.01
2014-08-27,68.3,56.3,0.01
2014-08-28,69.8,55.7,0.01
2014-08-29,70.8,55.5,0.01
2014-08-30,72.1,56.6,0.01
2014-08-31,68,58.2,0.01
2014-09-01,73.2,56.3,0.02
2014-09-02,66.2,56.4,0.01
2014-09-03,68.7,56.6,0.01
2014-09-04,66.7,55.9,0.01
2014-09-05,67.4,56.3,0
2014-09-06,65.4,54.5,0
2014-09-07,65.3,54.3,0.01
2014-09-08,62.4,55.5,0.01
2014-09-09,65.1,53.4,0.01
2014-09-10,65.6,48.9,0
2014-09-11,65.6,49.4,0.01
2014-09-12,66.5,51.9,0.01
2014-09-13,66,54.5,0.02
2014-09-14,69,53.7,0.02
2014-09-15,71.7,55.9,0.03
2014-09-16,71.2,57.7,0.03
2014-09-17,72.6,56.1,0.03
2014-09-18,71.9,63.6,0.01
2014-09-19,66.9,57.5,0.01
2014-09-20,62.9,57.7,0.01
2014-09-21,66.2,59.3,0
2014-09-22,70.8,60.9,0
2014-09-23,68.7,58.2,0
2014-09-24,72.6,60.8,0
2014-09-25,69.2,57.5,0.17
2014-09-26,65.6,55.5,0.17
2014-09-27,62.4,59.3,0.01
2014-09-28,64.9,58.4,0.01
2014-09-29,64.9,55.4,0.01
2014-09-30,65.1,57.5,0.01
2014-10-01,82.9,55.9,0.01
2014-10-02,84.3,61.8,0
2014-10-03,81.6,67.8,0
2014-10-04,80.4,69.6,0.01
2014-10-05,75.5,55.2,0
2014-10-06,68,49.4,0
2014-10-07,68.5,50.3,0.01
2014-10-08,66.9,51.8,0.01
2014-10-09,63.1,51.6,0.02
2014-10-10,60.2,55.2,0.02
2014-10-11,66.2,54.6,0.01
2014-10-12,87.6,53.6,0.01
2014-10-13,77,65.4,0.01
2014-10-14,63.8,57,0
2014-10-15,67.4,57.9,0.02
2014-10-16,65.8,53.4,0.02
2014-10-17,69,53.4,0
2014-10-18,68.7,57.9,0
2014-10-19,68.5,54.8,0.01
2014-10-20,65.6,58.1,0.01
2014-10-21,64,55.4,0
2014-10-22,66.7,52.7,0.01
2014-10-23,70.7,57.9,0.01
2014-10-24,66.2,54.3,0.01
2014-10-25,66.5,58.6,0.05
2014-10-26,62,55.9,0.05
2014-10-27,60.8,50.7,0.01
2014-10-28,65.3,51.4,0.01
2014-10-29,75.2,53,0.01
2014-10-30,70.7,59.7,0.01
2014-10-31,60.6,54.6,0.09
2014-11-01,59,50.7,0.22
2014-11-02,62.2,49.2,0.22
2014-11-03,62.7,46.7,0.01
2014-11-04,71.4,50.1,0
2014-11-05,71.7,56.6,0.01
2014-11-06,70.3,51,0.01
2014-11-07,61.7,52.1,0.01
2014-11-08,71.7,52.8,0.01
2014-11-09,66.3,49.8,0.01
2014-11-10,61.8,47.4,0.01
2014-11-11,60.9,53.6,0
2014-11-12,63.3,55,0.01
2014-11-13,62.2,53.9,0.04
2014-11-14,61.8,52.1,0.04
2014-11-15,60,53.6,0.01
2014-11-16,64.5,51.8,0.02
2014-11-17,65.6,51.4,0.02
2014-11-18,73.2,51.4,0
2014-11-19,68,53.4,0.09
2014-11-20,57.9,51.8,0.11
2014-11-21,60,50.1,0.9
2014-11-22,60.6,55.2,0
2014-11-23,65.3,51,0
2014-11-24,67.2,48,0.01
2014-11-25,65.6,51.9,0.01
2014-11-26,73.5,55.7,0
2014-11-27,67.1,56.1,0
2014-11-28,62.6,45.1,0.01
2014-11-29,58.4,54.3,0.63
2014-11-30,60.8,50.9,0.86
2014-12-01,64.7,58.6,0.86
2014-12-02,62.9,55.5,1.78
2014-12-03,62,59.1,2.9
2014-12-04,63.3,58.6,2.9
2014-12-05,62.6,56.1,0.01
2014-12-06,63.1,58.8,0.33
2014-12-07,61.5,53.9,0.08
2014-12-08,67.1,53.6,0
2014-12-09,65.1,56.8,0
2014-12-10,60.6,52.5,0
2014-12-11,62.7,51.2,5.16
2014-12-12,53.6,46.7,7.74
2014-12-13,56.8,46.2,0.19
2014-12-14,59.1,46.2,0.01
2014-12-15,56.4,50.9,1.8
2014-12-16,57.2,50.1,1.98
2014-12-17,55.9,47.8,0.83
2014-12-18,60,50,0.1
2014-12-19,58.2,53.4,0.36
2014-12-20,59.5,54.1,0.42
2014-12-21,58.6,55,0
2014-12-22,59.7,53.9,0
2014-12-23,68.3,53.6,0
2014-12-24,60.9,47.8,0.01
2014-12-25,55,45.5,0.01
2014-12-26,55.7,47.4,0.01
2014-12-27,55.2,41.3,0
2014-12-28,55.7,44,0
2014-12-29,52.7,46.4,0.01
2014-12-30,51.4,42.2,0.01
2014-12-31,54.6,40.8,0.01
2015-01-01,54.6,42,0
2015-01-02,52.7,41.7,0
2015-01-03,54.3,40.8,0
2015-01-04,56.6,41.5,0
2015-01-05,66.9,45.1,0
2015-01-06,73.4,53.4,0
2015-01-07,75.3,56.8,0
2015-01-08,72.8,55.5,0
2015-01-09,62.4,51.9,0
2015-01-10,60.6,47.3,0.01
2015-01-11,56.1,47.8,0.01
2015-01-12,59.3,49.2,0.01
2015-01-13,63.3,48,0.01
2015-01-14,62.9,46.2,0
2015-01-15,62.2,49.4,0
2015-01-16,61.8,48.5,0
2015-01-17,62,50.1,0
2015-01-18,62.7,53,0
2015-01-19,64.5,51.8,0.01
2015-01-20,59.3,48.7,0.01
2015-01-21,62.9,48,0
2015-01-22,62,48,0
2015-01-23,68.5,52.3,0
2015-01-24,71.9,56.4,0
2015-01-25,74.3,53.9,0
2015-01-26,75,53.4,0
2015-01-27,64.7,57.9,0
2015-01-28,65.8,47.8,0
2015-01-29,63.6,45.6,0
2015-01-30,56.6,49.8,0
2015-01-31,69.2,49.1,0
2015-02-01,65.1,43.7,0
2015-02-02,64.5,50,0
2015-02-03,66.3,53.7,0
2015-02-04,64.9,47.8,0
2015-02-05,57.3,52.7,0
2015-02-06,60.9,56.8,1.89
2015-02-07,62.2,57.7,2.04
2015-02-08,61.7,56.1,0
2015-02-09,60.6,55.4,0
2015-02-10,63.6,50.9,0
2015-02-11,71.9,48.9,0
2015-02-12,72.5,52.5,0
2015-02-13,72.3,56.4,0
2015-02-14,70.7,52.8,0
2015-02-15,68.3,51.4,0
2015-02-16,69.8,54.1,0
2015-02-17,54.1,49.4,0
2015-02-18,58.1,50.3,0
2015-02-19,57.5,49.8,0
2015-02-20,65.3,48.2,0
2015-02-21,60.6,50.3,0
2015-02-22,61.8,49.2,0
2015-02-23,61.7,47.4,0
2015-02-24,62.6,46.9,0
2015-02-25,60.4,46.4,0
2015-02-26,58.2,48.7,0
2015-02-27,56.1,53,0
2015-02-28,55.4,49.2,0
2015-03-01,60.2,44.7,0
2015-03-02,56.8,44.9,0
2015-03-03,57,45.5,0
2015-03-04,62.7,43.5,0
2015-03-05,64.9,49.6,0
2015-03-06,66.9,52.5,0
2015-03-07,65.3,49.8,0
2015-03-08,61.1,44.4,0
2015-03-09,58.4,46.2,0
2015-03-10,55,45.5,0
2015-03-11,61.7,52.3,0
2015-03-12,64.5,51.6,0
2015-03-13,64.7,49.8,0
2015-03-14,75.7,53.6,0
2015-03-15,75.2,58.4,0
2015-03-16,65.4,52.1,0
2015-03-17,63.6,51.4,0
2015-03-18,59.5,49.8,0
2015-03-19,66.9,49.2,0
2015-03-20,68.1,50.3,0
2015-03-21,63.5,48.3,0
2015-03-22,58.8,51,0
2015-03-23,57.7,51.9,0
2015-03-24,59.3,49.4,0
2015-03-25,61.8,50.9,0
2015-03-26,68.7,47.8,0
2015-03-27,62.7,46.5,0
2015-03-28,63.8,50.3,0
2015-03-29,60.4,48.7,0
2015-03-30,56.4,49.8,0
2015-03-31,56.3,51.9,0
2015-04-01,54.3,45.3,0
2015-04-02,56.4,46.2,0
2015-04-03,55,44.9,0
2015-04-04,55.2,47.3,0
2015-04-05,55,45.5,0
2015-04-06,56.1,42.2,0
2015-04-07,55.2,48.2,0
2015-04-08,55.4,45.6,0
2015-04-09,59.5,43.8,0
2015-04-10,58.1,42.4,0
2015-04-11,59.3,46.7,0
2015-04-12,61.8,46.9,0
2015-04-13,61.3,47.8,0
2015-04-14,54.8,45.8,0
2015-04-15,60.6,45.3,0
2015-04-16,71,50.5,0
2015-04-17,63.6,47.1,0
2015-04-18,55.7,44.6,0
2015-04-19,57,46.7,0
2015-04-20,55.7,49.4,0
2015-04-21,54.1,49.8,0
2015-04-22,53.6,48.3,0
2015-04-23,54.3,48.3,0
2015-04-24,56.4,49.4,0
2015-04-25,54.3,48.3,0
2015-04-26,57,48.9,0
2015-04-27,66.5,48.5,0
2015-04-28,58.1,48.7,0
2015-04-29,55.7,48.7,0
2015-04-30,78,46.2,0
2015-05-01,68.9,55.4,0
2015-05-02,59,49.1,0
2015-05-03,57.7,49.2,0
2015-05-04,53,48.3,0
2015-05-05,54.6,49.4,0
2015-05-06,55.2,49.1,0
2015-05-07,56.1,48.2,0
2015-05-08,57.7,44.7,0
2015-05-09,53.7,48.7,0
2015-05-10,55.2,48.3,0
2015-05-11,53.4,48.9,0
2015-05-12,53.9,48.3,0
2015-05-13,57.7,48.5,0
2015-05-14,58.4,49.4,0
2015-05-15,56.3,46.5,0
2015-05-16,56.1,51.2,0
2015-05-17,56.6,51.4,0
2015-05-18,56.8,51.8,0
2015-05-19,56.4,51.6,0
2015-05-20,58.1,52.1,0
2015-05-21,58.4,51.8,0
2015-05-22,59,53.4,0
2015-05-23,54.8,51,0
2015-05-24,55,50,0
2015-05-25,58.4,50.3,0
2015-05-26,56.6,50.3,0
2015-05-27,55.4,50.9,0
2015-05-28,56.8,50.5,0
2015-05-29,58.1,49.8,0
2015-05-30,62.7,49.1,0
2015-05-31,58.4,48.5,0
2015-06-01,67.6,53,0
2015-06-02,64.5,54.6,0
2015-06-03,57,52.7,0
2015-06-04,59.9,51.4,0
2015-06-05,60.9,50.5,0
2015-06-06,62.7,52.3,0
2015-06-07,63.1,53.2,0
2015-06-08,68.7,50.3,0
2015-06-09,69.4,50.3,0
2015-06-10,72.5,57.7,0
2015-06-11,62.4,52.8,0
2015-06-12,65.8,50.5,0
2015-06-13,66.5,53.2,0
2015-06-14,59.7,52.7,0
2015-06-15,55.4,50.3,0
2015-06-16,59.7,51.6,0
2015-06-17,61.7,48.9,0
2015-06-18,62.6,47.4,0
2015-06-19,63.1,49.4,0
2015-06-20,65.1,47.8,0
2015-06-21,65.8,50.9,0
2015-06-22,59.1,52.3,0
2015-06-23,60.6,51.2,0
2015-06-24,61.8,53.2,0
2015-06-25,75.2,52.1,0
2015-06-26,68.9,53,0
2015-06-27,67.8,54.6,0
2015-06-28,65.3,57,0
2015-06-29,64.7,54.5,0
2015-06-30,67.4,53.9,0
2015-07-01,71.4,51.6,0
2015-07-02,72.1,55.2,0
2015-07-03,67.1,56.8,0
2015-07-04,65.6,54.6,0
2015-07-05,68.1,56.6,0
2015-07-06,68,57.3,0
2015-07-07,69.6,59.9,0
2015-07-08,65.6,57.7,0
2015-07-09,62.9,55.9,0
2015-07-10,66.3,57.7,0.01
2015-07-11,67.6,56.8,0.01
2015-07-12,70.5,57.7,0
2015-07-13,65.8,59.1,0
2015-07-14,62.2,57.3,0
2015-07-15,63.5,56.6,0
2015-07-16,69.9,56.1,0
2015-07-17,67.4,55.7,0.01
2015-07-18,71.4,55.4,0
2015-07-19,78.9,59,0
2015-07-20,73.2,64.9,0.01
2015-07-21,64.4,57.2,0.01
2015-07-22,63.3,57.2,0.01
2015-07-23,63.3,57.3,0
2015-07-24,66.7,57,0
2015-07-25,65.6,54.8,0
2015-07-26,65.1,57,0
2015-07-27,69.6,53.9,0
2015-07-28,72.8,54.1,0
2015-07-29,71.7,54.6,0.01
2015-07-30,68,57.3,0
2015-07-31,68.1,57.7,0
2015-08-01,71.4,59.7,0
2015-08-02,69,59.7,0.01
2015-08-03,69,60.9,0.01
2015-08-04,72.3,57.5,0.01
2015-08-05,68.5,55.9,0.01
2015-08-06,66.9,54.8,0.01
2015-08-07,68.9,58.1,0.01
2015-08-08,66.5,58.6,0.01
2015-08-09,66,57.9,0.01
2015-08-10,68.3,57.7,0.03
2015-08-11,67.4,56.8,0.03
2015-08-12,71.7,53.6,0
2015-08-13,71,60.6,0
2015-08-14,68.1,60.8,0.01
2015-08-15,90.5,54.3,0.01
2015-08-16,77,56.6,0.01
2015-08-17,73.2,57.3,0.01
2015-08-18,68.5,55.5,0.01
2015-08-19,68.3,59,0
2015-08-20,66.2,60,0.01
2015-08-21,64.4,57.5,0.01
2015-08-22,68.9,57.7,0
2015-08-23,67.6,57.9,0.01
2015-08-24,67.1,58.6,0.01
2015-08-25,68.9,55.5,0
2015-08-26,74.6,51,0
2015-08-27,79.3,58.6,0.01
2015-08-28,76.4,63.3,0.01
2015-08-29,71.2,61.8,0
2015-08-30,68.7,61.5,0.01
2015-08-31,66.9,58.6,0
2015-09-01,66.3,56.8,0
2015-09-02,68.7,59,0.01
2015-09-03,64.7,58.1,0.01
2015-09-04,62,53,0.01
2015-09-05,66.2,50.1,0
2015-09-06,75,53.7,0
2015-09-07,77.9,55.2,0.01
2015-09-08,84.2,67.2,0
2015-09-09,82,65.6,0
2015-09-10,76.1,55.9,0
2015-09-11,76.2,54.3,0
2015-09-12,75.2,55,0
2015-09-13,62.6,57.2,0
2015-09-14,64.9,56.6,0
2015-09-15,61.7,55.4,0
2015-09-16,66.5,54.3,0
2015-09-17,64.9,57.3,0.01
2015-09-18,70.1,53.4,0.01
2015-09-19,77,53.4,0
2015-09-20,82.5,65.4,0
2015-09-21,76.1,63.5,0
2015-09-22,66.9,56.3,0.01
2015-09-23,71.2,53.6,0
2015-09-24,84,56.6,0
2015-09-25,71.4,56.1,0
2015-09-26,69.8,53.2,0
2015-09-27,66.2,52.8,0
2015-09-28,65.8,53.4,0.01
2015-09-29,63.8,57.3,0
2015-09-30,64.7,55.9,0.02
2015-10-01,68.9,58.6,0.03
2015-10-02,67.4,54.1,0
2015-10-03,62.2,52.7,0.01
2015-10-04,67.4,51.8,0.01
2015-10-05,68.5,53.9,0
2015-10-06,69,57.9,0
2015-10-07,69.8,54.3,0
2015-10-08,72.6,56.4,0
2015-10-09,73,55.5,0
2015-10-10,71.7,55.5,0
2015-10-11,67.6,56.6,0
2015-10-12,72.5,52.8,0
2015-10-13,80.7,61.8,0
2015-10-14,73.9,64.2,0
2015-10-15,71.2,58.2,0
2015-10-16,69.4,57.7,0
2015-10-17,65.4,58.4,0
2015-10-18,64.5,59.3,0
2015-10-19,61.1,57.5,0.03
2015-10-20,68.5,54.1,0.01
2015-10-21,69.8,54.6,0.01
2015-10-22,65.6,52.5,0
2015-10-23,67.4,52.3,0
2015-10-24,68.1,51.9,0
2015-10-25,65.4,54.3,0
2015-10-26,68.1,51.9,0
2015-10-27,70.8,55,0
2015-10-28,66,55.9,0.01
2015-10-29,63.5,54.5,0
2015-10-30,73,55.9,0
2015-10-31,70.7,54.8,0
2015-11-01,66,57.2,0
2015-11-02,64,53.7,1.02
2015-11-03,59,48.9,1.02
2015-11-04,60.2,47.4,0
2015-11-05,60,45.8,0
2015-11-06,60.9,46.9,0
2015-11-07,61.5,46.2,0.01
2015-11-08,58.6,49.4,0.03
2015-11-09,56.8,45.5,0.78
2015-11-10,57.9,45.5,0.82
2015-11-11,57.5,42.2,0.02
2015-11-12,64,47.1,0
2015-11-13,67.2,50.3,0
2015-11-14,66.2,48.2,0
2015-11-15,57.7,51.2,0.37
2015-11-16,54.5,45.8,0.38
2015-11-17,57.7,50,0
2015-11-18,60.4,49.6,0
2015-11-19,61.3,50,0
2015-11-20,69.9,55.7,0
2015-11-21,73,48,0
2015-11-22,69.2,54.8,0
2015-11-23,67.8,45.1,0
2015-11-24,54.3,46.4,0.07
2015-11-25,51.2,42,0.12
2015-11-26,50.9,40.8,0.07
2015-11-27,53.9,42,0
2015-11-28,56.6,41,0
2015-11-29,59.3,39.9,0
2015-11-30,58.1,42.2,0
2015-12-01,59.1,46.5,0
2015-12-02,60.9,48.9,0
2015-12-03,59.1,51.2,0.42
2015-12-04,57.7,48.5,0.42
2015-12-05,59.1,45.6,0
2015-12-06,60.8,53.2,0
2015-12-07,62.9,54.3,0
2015-12-08,63.3,53.2,0
2015-12-09,62.6,54.8,0
2015-12-10,60,51.2,0.16
2015-12-11,56.4,45.3,0.35
2015-12-12,54.8,48.9,0.35
2015-12-13,54.8,50,0.48
2015-12-14,51.9,46,0.51
2015-12-15,53.9,43.5,0
2015-12-16,54.6,42,0
2015-12-17,56.4,44.7,0
2015-12-18,55.7,46.4,0
2015-12-19,54.5,49.1,0.19
2015-12-20,53.2,41.5,0.08
2015-12-21,56.1,50.1,0.1
2015-12-22,57,54.5,0.5
2015-12-23,55.2,48.7,0.11
2015-12-24,50.3,45.5,0.15
2015-12-25,49.1,41.5,0.22
2015-12-26,51.4,41.7,0.05
2015-12-27,50.1,36.6,0.01
2015-12-28,47.8,40.1,0.22
2015-12-29,52.5,41.1,0.22
2015-12-30,53.9,42.2,0.01
2015-12-31,53.2,41.9,0
2016-01-01,50.1,39.2,0
2016-01-02,57.3,45.1,0
2016-01-03,58.8,52.1,0
2016-01-04,56.8,51,0.12
2016-01-05,55.4,49.8,2.43
2016-01-06,53,47.8,2.44
2016-01-07,53.2,44.9,1.48
2016-01-08,52.8,42.2,0.06
2016-01-09,55.5,48.2,0.01
2016-01-10,56.8,47.8,0.01
2016-01-11,61.7,51.4,0
2016-01-12,64,51.6,0
2016-01-13,59.5,52.7,0.39
2016-01-14,55.4,42.9,0.39
2016-01-15,59.3,49.4,0.02
2016-01-16,58.4,50.9,0.1
2016-01-17,59.1,55.4,0.03
2016-01-18,59.7,53.2,0.8
2016-01-19,58.2,53,2.4
2016-01-20,58.8,49.1,2.4
2016-01-21,65.4,48.2,0
2016-01-22,63.8,55.4,0.08
2016-01-23,56.4,50.7,0.14
2016-01-24,54.5,49.6,0.14
2016-01-25,58.8,47.4,0
2016-01-26,61.8,45.3,0
2016-01-27,65.1,49.2,0
2016-01-28,64,48.9,0
2016-01-29,58.1,54.5,0.01
2016-01-30,56.3,49.2,0.01
2016-01-31,51.9,44.9,0
2016-02-01,51.2,45.1,0.05
2016-02-02,53.6,44,0.16
2016-02-03,57,39.9,0.16
2016-02-04,61.3,45.3,0
2016-02-05,59.5,44.7,0
2016-02-06,70.1,46.4,0
2016-02-07,72.5,54.3,0
2016-02-08,78.6,59.1,0
2016-02-09,82.4,58.6,0
2016-02-10,66.9,52.5,0
2016-02-11,68.9,54.3,0
2016-02-12,68.9,50,0
2016-02-13,66.9,48.3,0
2016-02-14,65.8,51.6,0
2016-02-15,75.7,52.8,0
2016-02-16,71.9,59.3,0
2016-02-17,72.3,56.8,0.01
2016-02-18,57.3,47.4,0.46
2016-02-19,58.1,49.6,0.05
2016-02-20,57.5,44.6,0.01
2016-02-21,57.7,45.3,0
2016-02-22,68.3,46.2,0
2016-02-23,66.7,49.1,0
2016-02-24,63.5,50.9,0
2016-02-25,66.9,51.9,0
2016-02-26,67.6,50,0
2016-02-27,58.4,50.5,0
2016-02-28,62.6,48.9,0
2016-02-29,67.4,49.4,0
2016-03-01,66.7,52.8,0
2016-03-02,61.1,51.6,0
2016-03-03,62.2,54.1,0.01
2016-03-04,61.7,55.9,0.32
2016-03-05,58.8,56.1,1.42
2016-03-06,56.8,51.6,6.33
2016-03-07,54.3,45.3,1.46
2016-08-05,NA,NA,NA
2016-08-06,60.4,51.4,0
2016-08-07,63.1,53.9,0
2016-08-08,64.9,52.8,0.01
2016-08-09,63.3,53.6,0.01
2016-08-10,61.7,52.1,0
2016-08-11,65.3,52.3,0
2016-08-12,64.5,52.5,0
2016-08-13,68.3,49.2,0
2016-08-14,67.2,50.5,0
2016-08-15,61.7,50.1,0
2016-08-16,62.4,49.1,0
2016-08-17,63.5,51.6,0.01
2016-08-18,65.3,52.7,0.01
2016-08-19,65.6,53,0
2016-08-20,63.1,53.6,0
2016-08-21,63.6,53.9,0.01
2016-08-22,63.6,54.5,0
2016-08-23,64.5,54.1,0
2016-08-24,63.3,54.3,0.01
2016-08-25,63.6,52.5,0.01
2016-08-26,65.1,55.5,0
2016-08-27,64.4,57.9,0
2016-08-28,65.1,57.7,0
2016-08-29,64.7,53.7,0.01
2016-08-30,67.4,57.5,0.01
2016-08-31,66.9,57,0.01
2016-09-01,64,56.1,0.01
2016-09-02,63.5,52.3,0.01
2016-09-03,59,54.8,0.01
2016-09-04,59.3,54.3,0
2016-09-05,63.5,50.7,0
2016-09-06,70.7,50.5,0
2016-09-07,74.6,52.5,0.01
2016-09-08,68.5,53.9,0.03
2016-09-09,63.3,49.8,0
2016-09-10,61.5,51,0
2016-09-11,62.9,52.7,0
2016-09-12,60.6,52.8,0
2016-09-13,65.1,55.9,0.01
2016-09-14,NA,NA,NA
2016-09-15,67.2,47.6,0.01
2016-09-16,64,49.8,0.01
2016-09-17,66.2,48.3,0.01
2016-09-18,77.1,51.6,0.01
2016-09-19,73.7,58.2,0
2016-09-20,70.7,53.2,0.01
2016-09-21,63.1,53.2,0.01
2016-09-22,58.1,53.7,0.01
2016-09-23,64.4,48.2,0.01
2016-09-24,75.3,54.1,0.02
2016-09-25,82.2,57.3,0.03
2016-09-26,86.9,68.7,0.01
2016-09-27,86,60.9,0
2016-09-28,66.3,48.9,0
2016-09-29,59.7,50.7,0
2016-09-30,59,50.1,0
2016-10-01,61.5,52.1,0
2016-10-02,62,53.9,0
2016-10-03,62.7,50.7,0.03
2016-10-04,64,55.2,0
2016-10-05,62.4,51.9,0.07
2016-10-06,70.1,51.2,0
2016-10-07,83.3,52.7,0
2016-10-08,75.2,57.5,0
2016-10-09,69.4,53.6,0
2016-10-10,61.5,46.7,0
2016-10-11,63.8,55.4,0
2016-10-12,62,48.3,0
2016-10-13,65.4,49.6,0
2016-10-14,63.1,58.1,0.1
2016-10-15,62.9,56.8,0.11
2016-10-16,61.5,59.7,0.31
2016-10-17,63.8,54.5,0.33
2016-10-18,62.7,50.1,0.01
2016-10-19,73.9,53.6,0.01
2016-10-20,75.9,55.2,0.01
2016-10-21,69.2,52.5,0
2016-10-22,61.3,53.2,0.01
2016-10-23,60.9,49.6,0.01
2016-10-24,60.6,57,0.03
2016-10-25,65.1,59.1,0.04
2016-10-26,68,53.9,0.01
2016-10-27,65.3,55.2,0.04
2016-10-28,63.1,58.1,0.26
2016-10-29,64,58.4,0.13
2016-10-30,63.5,56.1,0.38
2016-10-31,61.8,52.3,0.39
2016-11-01,60,53.9,0.06
2016-11-02,67.2,50.3,0.06
2016-11-03,73.4,50.9,0.01
2016-11-04,72.3,56.4,0.01
2016-11-05,64.5,49.6,0.02
2016-11-06,63.8,57.3,0.04
2016-11-07,68.3,56.6,0.02
2016-11-08,67.8,58.2,0.03
2016-11-09,68.9,55.5,0.01
2016-11-10,72.3,53,0
2016-11-11,67.4,55.5,0.01
2016-11-12,70.7,57.2,0.01
2016-11-13,60.9,51.9,0.01
2016-11-14,58.4,50.9,0
2016-11-15,62.7,53.9,0
2016-11-16,55.7,51.4,0
2016-11-17,57.3,44.2,0
2016-11-18,63.1,46.9,0
2016-11-19,59.3,54.3,0.3
2016-11-20,57.7,55.2,0.46
2016-11-21,56.4,50.7,0.46
2016-11-22,57.3,47.8,0.04
2016-11-23,57.3,48.7,0.09
2016-11-24,58.8,42.9,0.09
2016-11-25,57.9,43.5,0
2016-11-26,57.2,46.7,0.72
2016-11-27,54.1,48.9,0.83
2016-11-28,54.8,48,0.2
2016-11-29,57.9,46.4,0
2016-11-30,57.7,44.6,0
2016-12-01,56.3,47.3,0.01
2016-12-02,58.8,48,0.01
2016-12-03,60.2,50.1,0.02
2016-12-04,56.4,45.3,0.01
2016-12-05,53.7,49.8,0.01
2016-12-06,51.6,44.7,0
2016-12-07,52.1,41.1,0.01
2016-12-08,57.5,47.6,0.13
2016-12-09,58.1,55.4,0.09
2016-12-10,58.1,57,0.34
2016-12-11,57.9,46.9,0.34
2016-12-12,54.6,45.1,0
2016-12-13,56.8,46.5,0.02
2016-12-14,57.9,52.3,0
2016-12-15,57.3,54.6,0.5
2016-12-16,55.9,46,4.9
2016-12-17,48.5,39.7,0.02
2016-12-18,50.5,38.8,0
2016-12-19,59.5,38.6,0
2016-12-20,59.5,42.4,0
2016-12-21,63.6,52.1,0
2016-12-22,62.6,51.2,0
2016-12-23,53.2,45.6,0.69
2016-12-24,49.4,45.6,0.7
2016-12-25,51.6,39,0
2016-12-26,55.2,40.1,0
2016-12-27,60.4,38.8,0
2016-12-28,62.9,45.3,0
2016-12-29,68.3,47.6,0
2016-12-30,NA,NA,NA
2016-12-31,NA,NA,NA
2017-01-01,NA,NA,NA
2017-01-02,NA,NA,NA
2017-01-03,NA,NA,NA
2017-01-06,NA,NA,NA
2017-01-07,NA,NA,NA
2017-01-08,NA,NA,NA
2017-01-09,NA,NA,NA
2017-01-10,55.4,52.1,0.41
2017-01-11,55.9,48.3,1.11
2017-01-12,50.7,43.5,0.08
2017-01-13,NA,NA,NA
2017-01-14,NA,NA,NA
2017-01-15,NA,NA,NA
2017-01-16,56.4,42.9,0
2017-01-17,NA,NA,NA
2017-01-18,NA,NA,NA
2017-01-20,NA,NA,NA
2017-01-21,NA,NA,NA
2017-01-22,54.5,47.4,1.49
2017-01-23,NA,NA,NA
2017-01-24,NA,NA,NA
2017-01-25,NA,NA,NA
2017-01-26,NA,NA,NA
2017-01-27,NA,NA,NA
2017-01-28,NA,NA,NA
2017-01-29,NA,NA,NA
2017-01-30,NA,NA,NA
2017-01-31,NA,NA,NA
2017-02-01,NA,NA,NA
2017-02-02,57.3,50.1,0.07
2017-03-03,NA,NA,NA
2017-03-04,55.5,49.1,0
2017-03-05,54.3,43.8,0.49
2017-03-06,53.7,39.7,0.37
2017-03-07,56.4,40.6,0.13
2017-03-08,62,49.1,0
2017-03-09,61.5,48.7,0
2017-03-10,63.3,49.2,0
2017-03-11,69.4,48.3,0
2017-03-12,68.5,49.2,0
2017-03-13,73.9,48.9,0
2017-03-14,68.5,54.3,0
2017-03-15,63.1,49.1,0
2017-03-16,59.7,52.3,0
2017-03-17,64.2,44.6,0
2017-03-18,65.3,50.1,0
2017-03-19,59.9,47.8,0
2017-03-20,58.8,50.1,0.14
2017-03-21,60.6,54.3,0.6
2017-03-22,57.3,50.5,1.23
2017-03-23,54.6,49.4,1.23
2017-03-24,54.1,49.8,1.09
2017-03-25,55.9,50.7,1.09
2017-03-26,57.9,47.8,0
2017-03-27,54.5,50.1,0.01
2017-03-28,58.2,47.8,0
2017-03-29,60.2,49.6,0
2017-03-30,54.3,49.4,0
2017-03-31,57.2,48.5,0.01
2017-04-01,67.4,48.7,0.01
2017-04-02,65.8,49.2,0
2017-04-03,65.1,45.3,0
2017-04-04,59.9,43.8,0
2017-04-05,68.1,49.6,0.02
2017-04-06,60.8,54.6,0.03
2017-04-07,57.3,47.1,2.09
2017-04-08,54.5,45.3,0.99
2017-04-09,53.9,43.1,0.08
2017-04-10,58.8,42.4,0.02
2017-04-11,60.6,49.1,0.02
2017-04-12,59.7,52.3,0.01
2017-04-13,55.5,50,0.15
2017-04-14,53.2,45.6,0.09
2017-04-15,61.8,41.5,0.01
2017-04-16,56.8,47.4,0.14
2017-04-17,60.2,52.7,0.14
2017-04-18,60.2,51,0.18
2017-04-19,63.1,45.5,0
2017-04-20,60.9,51.8,0.04
2017-04-21,67.1,49.1,0.04
2017-04-22,62.6,51.2,0
2017-04-23,56.8,51.4,0
2017-04-24,56.8,50.7,0
2017-04-25,57.5,50,0
2017-04-26,59,53.7,0
2017-04-27,55.5,50.3,0
2017-04-28,56.4,46,0
2017-04-29,68.1,48.3,0
2017-04-30,62.7,49.4,0
2017-05-01,71.9,49.8,0
2017-05-02,69.6,51.6,0
2017-05-03,69,52.1,0
2017-05-04,59.3,46.7,0
2017-05-05,54.1,50.1,0
2017-05-06,52.3,47.8,0
2017-05-07,59.9,46.5,0
2017-05-08,56.8,45.5,0
2017-05-09,60.6,46.5,0.02
2017-05-10,60,49.6,0.02
2017-05-11,58.8,49.6,0.01
2017-05-12,57.2,50,0.01
2017-05-13,54.5,47.3,0.01
2017-05-14,52.8,48.3,0
2017-05-15,54.5,48.5,0.02
2017-05-16,54.3,49.4,0.02
2017-05-17,55.5,48.3,0.01
2017-05-18,64,43.3,0.02
2017-05-19,64,48.9,0.02
2017-05-20,64.9,46.7,0.01
2017-05-21,66.3,49.1,0.01
2017-05-22,58.8,47.4,0
2017-05-23,57.7,49.1,0.01
2017-05-24,56.6,50.1,0.01
2017-05-25,55.7,50.7,0.01
2017-05-26,59.3,52.1,0.01
2017-05-27,59.9,48.7,0.03
2017-05-28,57.2,50.7,0.03
2017-05-29,53.4,50,0.01
2017-05-30,55.4,49.2,0
2017-05-31,63.5,51.4,0
2017-06-01,62.4,55.2,0.02
2017-06-02,60,51.2,0.02
2017-06-03,60.4,50.9,0.01
2017-06-04,58.2,51,0.01
2017-06-05,62,48.3,0.01
2017-06-06,57.2,49.2,0.02
2017-06-07,59.9,50.3,0.05
2017-06-08,60.4,53.7,0.05
2017-06-09,59.9,53.4,0.03
2017-06-10,60.6,52.3,0
2017-06-11,58.8,51.6,0
2017-06-12,56.4,51.8,0
2017-06-13,60,49.6,0
2017-06-14,61.5,48.7,0.01
2017-06-15,63.3,50.7,0.02
2017-06-16,66,54.3,0
2017-06-17,66.5,51.8,0
2017-06-18,68.5,54.1,0
2017-06-19,65.8,53.7,0.01
2017-06-20,62,51.8,0.01
2017-06-21,70.7,51.6,0.01
2017-06-22,77.7,53,0.01
2017-06-23,69,53.9,0
2017-06-24,63.6,54.6,0.01
2017-06-25,62.7,53.4,0.01
2017-06-26,67.8,56.3,0
2017-06-27,65.4,54.6,0
2017-06-28,59.5,53.6,0
2017-06-29,59.3,53,0
2017-06-30,57.2,50.9,0
2017-07-01,56.4,51.6,0
2017-07-02,58.8,50.5,0.01
2017-07-03,65.4,51.4,0.01
2017-07-04,64.5,51.2,0
2017-07-05,62.2,51.6,0
2017-07-06,62.7,50.5,0
2017-07-07,68.7,51.2,0
2017-07-08,68.1,53.6,0.01
2017-07-09,64.4,50.7,0
2017-07-10,62,51.8,0
2017-07-11,61.8,50.3,0.01
2017-07-12,60.6,51.6,0.01
2017-07-13,60.2,51,0.01
2017-07-14,62.2,50.5,0
2017-07-15,69.4,49.2,0.01
2017-07-16,72.1,53.6,0.01
2017-07-17,67.2,52.5,0.01
2017-07-18,60.9,51.6,0
2017-07-19,62.6,51.8,0
2017-07-20,62,53.6,0
2017-07-21,60.9,52.8,0.01
2017-07-22,66.7,52.1,0.01
2017-07-23,66.3,49.4,0
2017-07-24,65.3,51.6,0
2017-10-26,76.7,32,0.25
2017-11-01,62.8,51.6,0
2017-11-02,68.1,47,0
2017-11-03,66.6,54.6,0.01
2017-11-04,59,45.2,0.57
2017-11-05,57.4,42.4,0
2017-11-06,61.6,44.8,0
2017-11-07,63.7,41.9,0
2017-11-08,62,48.5,0.37
2017-11-09,65.4,53.2,0.04
2017-11-10,65.8,52.3,0.02
2017-11-11,61.8,48.5,0
2017-11-12,64.1,46.1,0
2017-11-13,67.4,51.3,0.09
2017-11-14,64.4,50.3,0.01
2017-11-15,65.8,48.8,0.02
2017-11-16,58.6,53.6,1.87
2017-11-17,62.4,49,0.03
2017-11-18,64.5,45.2,0
2017-11-19,60.9,42.3,0
2017-11-20,70.9,51.8,0
2017-11-21,75.5,57,0
2017-11-22,73.4,56.4,0
2017-11-23,75.9,54.9,0
2017-11-24,74.7,54.7,0
2017-11-25,78.2,53.8,0
2017-11-26,61.8,54.7,0.58
2017-11-27,56.3,46.6,0.16
2017-11-28,58.4,43.7,0
2017-11-29,65.4,45.6,0
2017-11-30,69.2,45.5,0
2017-12-01,57.1,44.4,0
2017-12-02,60.9,43,0
2017-12-03,53.7,48.2,0.03
2017-12-04,60.7,47,0
2017-12-05,64,42.6,0
2017-12-06,66,44.3,0
2017-12-07,76.3,48.4,0
2017-12-08,71.7,47.1,0
2017-12-09,73.2,49.3,0
2017-12-10,78.5,48.6,0
2017-12-11,74.7,51.1,0
2017-12-12,74,48.1,0
2017-12-13,70.3,47.5,0
2017-12-14,67.4,47,0
2017-12-15,68.2,49.3,0
2017-12-16,61.3,47.3,0
2017-12-17,64.5,47.5,0
2017-12-18,62.8,42.8,0
2017-12-19,61.9,43.5,0
2017-12-20,51.1,38.4,0.14
2017-12-21,56.6,38.1,0
2017-12-22,58.2,34.3,0
2017-12-23,60.3,40.4,0
2017-12-24,55.9,44.6,0
2017-12-25,64.6,44.6,0
2017-12-26,60.7,43.4,0
2017-12-27,62.8,42.3,0
2017-12-28,65.9,45.1,0
2017-12-29,69.8,47.5,0
2017-12-30,64.8,48.5,0
2017-12-31,58.6,46,0
2018-01-01,68.3,47,0
2018-01-02,67.1,52.3,0
2018-01-03,65.5,53.7,0.55
2018-01-04,65.8,52.6,0.04
2018-01-05,59.6,50.2,0.41
2018-01-06,55.9,47,0.01
2018-01-07,57.6,43.6,0
2018-01-08,58.4,48.1,3.49
2018-01-09,59.6,50.9,0.38
2018-01-10,54.7,50.2,0.05
2018-01-11,61.4,45.5,0.01
2018-01-12,64.8,48.6,0
2018-01-13,70.9,49.1,0
2018-01-14,74.8,53.2,0
2018-01-15,63.8,50.8,0
2018-01-16,61.9,52.5,0
2018-01-17,66.6,50.5,0
2018-01-18,61.6,48.5,0.2
2018-01-19,54.8,46.1,0
2018-01-20,52.7,41.8,0
2018-01-21,57.5,37.9,0
2018-01-22,57.4,44.5,0.19
2018-01-23,60.5,41.8,0
2018-01-24,57.9,41.8,0.41
2018-01-25,57,41.8,0.25
2018-01-26,55.1,41.1,0
2018-01-27,61.5,38.8,0
2018-01-28,65.8,49.7,0
2018-01-29,73.3,51.7,0
2018-01-30,75.1,49.8,0
2018-01-31,72.6,46,0
2018-02-01,77,49,0
2018-02-02,77.4,55.6,0
2018-02-03,78.7,63.4,0
2018-02-04,79.1,59.6,0
2018-02-05,76.1,52.3,0
2018-02-06,75.6,60.5,0
2018-02-07,72.1,51.7,0
2018-02-08,74.5,51.8,0
2018-02-09,76.5,52.8,0
2018-02-10,58.6,48.9,0
2018-02-11,57.5,39.8,0
2018-02-12,54.8,41.8,0.03
2018-02-13,65.5,44,0
2018-02-14,59.9,40.6,0
2018-02-15,61.2,42.3,0
2018-02-16,60.6,38.9,0
2018-02-17,66.8,44.2,0
2018-02-18,52.6,43.6,0.03
2018-02-19,48.5,38,0.02
2018-02-20,49.7,31.1,0
2018-02-21,53.9,37.1,0
2018-02-22,51.9,39.5,0
2018-02-23,49.4,34.1,0
2018-02-24,52.6,33.2,0
2018-02-25,56.1,36.6,0
2018-02-26,50,40.8,0.24
2018-02-27,53.4,38.5,0
2018-02-28,54.5,36.1,0.02
2018-03-01,55.8,45.9,1.01
2018-03-02,54.6,41.7,0.16
2018-03-03,53.5,37.8,0.07
2018-03-04,53.5,36.2,0.01
2018-03-05,63.6,39.1,0
2018-03-06,63.9,41.8,0
2018-03-07,67.2,47.4,0
2018-03-08,61.9,45.9,0.06
2018-03-09,61.8,43.3,0
2018-03-10,54.5,45.5,0
2018-03-11,66.6,43.2,0
2018-03-12,70.2,45.8,0.32
2018-03-13,58.4,48.3,0.62
2018-03-14,56.8,46.1,0.04
2018-03-15,56.2,39.8,0.25
2018-03-16,54.8,41.6,0.21
2018-03-17,55.7,40.1,0.1
2018-03-18,57,36.2,0
2018-03-19,63.4,38.6,0
2018-03-20,56.9,47.4,0.1
2018-03-21,57.6,54.8,0.23
2018-03-22,56.8,46.4,1.65
2018-03-23,56.1,38.3,0
2018-03-24,55.1,44.1,0.09
2018-03-25,54.5,37.6,0.02
2018-03-26,55.3,43.9,0
2018-03-27,65.1,42,0
2018-03-28,70.3,45.7,0
2018-03-29,75.5,50.8,0
2018-03-30,73.4,52.5,0
2018-03-31,62.3,47.2,0
2018-04-01,61.9,43.3,0
2018-04-02,59.2,47.4,0
2018-04-03,61.7,42.2,0
2018-04-04,61,45.5,0
2018-04-05,63.5,46.4,0.04
2018-04-06,60.1,54.1,0.81
2018-04-07,61.5,53.3,1.29
2018-04-08,59.5,47.8,0
2018-04-09,71,46,0
2018-04-10,67.2,49.7,0
2018-04-11,61,43,0.19
2018-04-12,56,44.6,0.05
2018-04-13,60.1,41.2,0
2018-04-14,64.8,44.8,0
2018-04-15,61.6,43.7,0.15
2018-04-16,54.8,43.9,0.09
2018-04-17,58.7,40.7,0
2018-04-18,57.9,42.4,0
2018-04-19,56.3,43.3,0.01
2018-04-20,59.7,40.9,0
2018-04-21,67.1,44,0
2018-04-22,67.4,43.3,0
2018-04-23,61.2,45.6,0
2018-04-24,59,46.7,0
2018-04-25,58.5,47.4,0
2018-04-26,59.1,48.4,0
2018-04-27,62.8,48.9,0
2018-04-28,63,47.4,0
2018-04-29,60.7,49.4,0
2018-04-30,57.2,48.5,0
2018-05-01,58.9,47,0
2018-05-02,62.3,48.5,0
2018-05-03,61.7,48.4,0
2018-05-04,67.2,45.3,0
2018-05-05,59,46,0
2018-05-06,58.6,49.6,0
2018-05-07,61.9,48.9,0
2018-05-08,68.4,48.9,0
2018-05-09,62.1,52.2,0.01
2018-05-10,59.6,49.9,0
2018-05-11,65.8,47.8,0
2018-05-12,67.9,47.6,0
2018-05-13,62,50.8,0
2018-05-14,60.9,48.5,0
2018-05-15,63.4,51.2,0
2018-05-16,64,46.5,0
2018-05-17,57.9,50.8,0
2018-05-18,56.8,50.2,0.02
2018-05-19,56.6,49.8,0
2018-05-20,56,49.8,0
2018-05-21,58.2,49.1,0
2018-05-22,55.3,50,0.05
2018-05-23,55.6,50,0.05
2018-05-24,60.9,49.6,0
2018-05-25,57.9,50.2,0.07
2018-05-26,58.5,50.7,0.02
2018-05-27,67.7,47.3,0
2018-05-28,73.2,50.1,0
2018-05-29,65.7,50.4,0
2018-05-30,59.8,49.4,0
2018-05-31,58.7,49.4,0
2018-06-01,67.8,45.7,0
2018-06-02,73,48.5,0
2018-06-03,66.3,49.5,0
2018-06-04,61,50.4,0
2018-06-05,59.3,49.4,0
2018-06-06,62.2,50.8,0
2018-06-07,61.8,51.3,0
2018-06-08,64.4,50.9,0
2018-06-09,60,50.3,0.02
2018-06-10,61.3,45.1,0
2018-06-11,63.1,50.8,0
2018-06-12,66.3,49.8,0
2018-06-13,65.5,48.1,0
2018-06-14,63.3,49,0
2018-06-15,62.1,49.9,0
2018-06-16,63.3,51.4,0
2018-06-17,66.6,51.7,0
2018-06-18,66.9,51.4,0
2018-06-19,64.2,50.2,0
2018-06-20,62.4,50.1,0
2018-06-21,65,50.2,0
2018-06-22,72.7,48.1,0
2018-06-23,72.8,49.5,0
2018-06-24,68.7,52.8,0
2018-06-25,68.2,51.2,0.02
2018-06-26,65.2,46.8,0
2018-06-27,60.6,51,0
2018-06-28,64.3,50.6,0
2018-06-29,69.9,49.6,0
2018-06-30,75.3,49.8,0
2018-07-01,71.3,52.3,0
2018-07-02,66.3,54.1,0
2018-07-03,65.1,52.4,0
2018-07-04,69.8,52.7,0
2018-07-05,71.4,50.3,0
2018-07-06,82.3,55.1,0
2018-07-07,73.2,52,0
2018-07-08,72.4,51.1,0
2018-07-09,76.4,50.7,0
2018-07-10,71.5,53.6,0
2018-07-11,68.7,53.2,0
2018-07-12,72.9,53.1,0
2018-07-13,70.4,56.5,0
2018-07-14,68.2,53.7,0
2018-07-15,68.7,51,0
2018-07-16,67.8,53.5,0
2018-07-17,70.4,52.3,0
2018-07-18,68.4,50.3,0
2018-07-19,69.8,52.2,0
2018-07-20,77.2,54.4,0
2018-07-21,74.7,56.9,0
2018-07-22,71.3,56.3,0
2018-07-23,71,54.5,0
2018-07-24,71.2,52.3,0
2018-07-25,72.7,52.7,0
2018-07-26,65.9,53.8,0
2018-07-27,66.3,53.2,0
2018-07-28,65.3,51.4,0
2018-07-29,65.3,50.7,0
2018-07-30,64.9,51.3,0
2018-07-31,64.6,50.5,0
2018-08-01,64.2,51.2,0
2018-08-02,65.1,50.8,0
2018-08-03,72,48.4,0
2018-08-04,69,51.9,0
2018-08-05,69.7,51.4,0
2018-08-06,71.7,48.2,0
2018-08-07,65.5,47.5,0
2018-08-08,68.2,49.9,0
2018-08-09,68.8,47.7,0
2018-08-10,72.1,47.5,0
2018-08-11,77.5,52.9,0
2018-08-12,66.9,51.2,0
2018-08-13,67.3,53.1,0
2018-08-14,64.8,54.6,0
2018-08-15,68.7,58,0
2018-08-16,68.6,57.1,0
2018-08-17,69.5,52.7,0
2018-08-18,68.6,46.5,0
2018-08-19,66.7,49.1,0
2018-08-20,65.8,53.1,0
2018-08-21,66.3,52.8,0.01
2018-08-22,72.3,57.9,0
2018-08-23,69.9,57.7,0
2018-08-24,68.7,55.5,0
2018-08-25,67.2,53.1,0
2018-08-26,69.4,50.8,0
2018-08-27,69.6,54.9,0
2018-08-28,68,55.1,0.01
2018-08-29,73.2,53.6,0
2018-08-30,69.4,56.3,0
2018-08-31,70.2,54.3,0
2018-09-01,63.1,53.4,0
2018-09-02,68.9,51.4,0
2018-09-03,68.3,52.1,0
2018-09-04,69.2,52.6,0
2018-09-05,64.2,54,0
2018-09-06,64.9,52.3,0
2018-09-07,68.7,49,0
2018-09-08,70.9,48.9,0
2018-09-09,69.4,49.3,0
2018-09-10,71.6,48.6,0
2018-09-11,66.7,51.4,0
2018-09-12,66.7,53.2,0
2018-09-13,65.4,53.8,0
2018-09-14,67.2,54,0
2018-09-15,66.6,53.3,0
2018-09-16,66.3,53.5,0
2018-09-17,65.5,54.2,0
2018-09-18,62.9,51.7,0
2018-09-19,70.2,49.9,0
2018-09-20,74.7,53.2,0
2018-09-21,70.2,52.3,0
2018-09-22,67,45.3,0
2018-09-23,67.8,47.5,0
2018-09-24,67.5,40.5,0
2018-09-25,63.7,47.4,0
2018-09-26,66.2,45.3,0
2018-09-27,65.5,47.6,0
2018-09-28,67.4,52.3,0
2018-09-29,70.1,54.4,0
2018-09-30,71.8,54.6,0
2018-10-01,76.9,53.6,0
2018-10-02,83,59,0
2018-10-03,70.6,58.8,0.03
2018-10-04,69.6,54.6,0.02
2018-10-05,68.3,53.8,0
2018-10-06,64.1,55.1,0
2018-10-07,72.2,54.4,0
2018-10-08,76.6,52.7,0
2018-10-09,67.9,49.7,0
2018-10-10,67.2,51.8,0.03
2018-10-11,68,54.4,0
2018-10-12,75.4,48.9,0
2018-10-13,66.8,50.1,0
2018-10-14,65.3,46.1,0
2018-10-15,76.6,46.5,0
2018-10-16,69.2,47.8,0
2018-10-17,64.8,43.2,0
2018-10-18,65.5,46.2,0
2018-10-19,67.8,45.8,0
2018-10-20,66.6,45,0
2018-10-21,61.9,44.1,0
2018-10-22,62.3,50.7,0
2018-10-23,65.4,48.8,0
2018-10-24,69,47.6,0
2018-10-25,69.1,47,0
2018-10-26,71.7,50.7,0
2018-10-27,67.4,52.6,0
2018-10-28,69.9,55.1,0
2018-10-29,63,51.4,0
2018-10-30,65,48.9,0
2018-10-31,74.5,49.3,0
2018-11-01,79.5,56,0
2018-11-02,70.4,51.3,0
2018-11-03,77.4,51.4,0
2018-11-04,62.2,50.2,0
2018-11-05,66.8,47.6,0
2018-11-06,76.3,49.3,0
2018-11-07,67.6,48,0
2018-11-08,71.7,52.1,0
2018-11-09,74.9,52.7,0
2018-11-10,64.2,46,0
2018-11-11,72.4,50.3,0
2018-11-12,71.1,46.8,0
2018-11-13,69.6,50.6,0
2018-11-14,69.4,49.7,0
2018-11-15,67.8,46.4,0
2018-11-16,67.9,48,0
2018-11-17,60.2,41,0
2018-11-18,61.2,42.2,0
2018-11-19,65.7,43.3,0
2018-11-20,69,46,0
2018-11-21,60.5,55.6,1.07
2018-11-22,64.7,53.6,0.47
2018-11-23,58.7,56.2,0.39
2018-11-24,58.2,48.9,0.15
2018-11-25,65.8,46.1,0
2018-11-26,68,46.4,0
2018-11-27,60.7,47.6,0.15
2018-11-28,62.8,56.2,0.4
2018-11-29,57.7,51.6,0.6
2018-11-30,57.2,45.2,0
2018-12-01,57.1,43.7,0
2018-12-02,55.2,42.4,0
2018-12-03,62.3,42.2,0
2018-12-04,57.5,49.6,0.04
2018-12-05,60.4,47.9,0.11
2018-12-06,64.4,47,0
2018-12-07,63.1,45.4,0
2018-12-08,64.8,44.4,0
2018-12-09,59.5,45,0
2018-12-10,59.9,46.2,0
2018-12-11,59.4,45.3,0
2018-12-12,62.5,43.3,0.03
2018-12-13,66.9,42.2,0
2018-12-14,62.8,53.3,0.09
2018-12-15,63.5,50.9,0
2018-12-16,59,51.2,1
2018-12-17,62.8,46.6,0.07
